Date,Portfolio_Value
2023-03-15,10000.0
2023-03-16,10000.0
2023-03-17,10000.0
2023-03-20,10000.0
2023-03-21,9985.007496251874
2023-03-22,10015.362857320732
2023-03-23,9888.663941180286
2023-03-24,9692.896976221244
2023-03-27,9843.571132086174
2023-03-28,9889.543815282515
2023-03-29,9831.034255690673
2023-03-31,10254.90370659472
2023-04-03,10256.66227296694
2023-04-05,10216.68405548034
2023-04-06,10201.366688080818
2023-04-10,10113.854326061228
2023-04-11,10113.854326061228
2023-04-12,10098.691126172083
2023-04-13,10136.776285807897
2023-04-17,10188.20159834532
2023-04-18,10056.477264209529
2023-04-19,10041.400086901867
2023-04-20,10015.99811813933
2023-04-21,10028.592439025253
2023-04-24,10067.017676493706
2023-04-25,10144.076890744083
2023-04-26,10069.400218246039
2023-04-27,10069.400218246039
2023-04-28,10054.303666194697
2023-05-02,10139.665069675442
2023-05-03,10037.569277885466
2023-05-04,10037.569277885466
2023-05-05,10037.569277885466
2023-05-08,10022.520448383391
2023-05-09,10053.537527075576
2023-05-10,10122.668055708704
2023-05-11,10041.498833713402
2023-05-12,10026.444112823277
2023-05-15,10046.219950668014
2023-05-16,9888.300013847922
2023-05-17,9888.300013847922
2023-05-18,9888.300013847922
2023-05-19,9888.300013847922
2023-05-22,9888.300013847922
2023-05-23,9888.300013847922
2023-05-24,9888.300013847922
2023-05-25,9888.300013847922
2023-05-26,9888.300013847922
2023-05-29,9888.300013847922
2023-05-30,9888.300013847922
2023-05-31,9888.300013847922
2023-06-01,9888.300013847922
2023-06-02,9888.300013847922
2023-06-05,9888.300013847922
2023-06-06,9888.300013847922
2023-06-07,9888.300013847922
2023-06-08,9888.300013847922
2023-06-09,9888.300013847922
2023-06-12,9873.4749763459
2023-06-13,10019.340856005518
2023-06-14,10142.553431737497
2023-06-15,10145.337046148288
2023-06-16,10244.104639785655
2023-06-19,10142.354830939488
2023-06-20,10163.420396229287
2023-06-21,10192.037062828298
2023-06-22,10077.568260939805
2023-06-23,9995.09767794759
2023-06-26,9903.911569651087
2023-06-27,9889.063126518176
2023-06-28,10019.982838760516
2023-06-30,10102.178785744067
2023-07-03,10361.442935867015
2023-07-04,10254.686107780662
2023-07-05,10237.852113926017
2023-07-06,10452.750246108892
2023-07-07,10432.35024217732
2023-07-10,10834.216485510828
2023-07-11,10935.24612494615
2023-07-12,10935.24612494615
2023-07-13,10935.24612494615
2023-07-14,10935.24612494615
2023-07-17,10918.851453094658
2023-07-18,11011.574704842662
2023-07-19,11095.124851147732
2023-07-20,11065.071242463962
2023-07-21,11065.071242463962
2023-07-24,11065.071242463962
2023-07-25,11065.071242463962
2023-07-26,11065.071242463962
2023-07-27,11065.071242463962
2023-07-28,11065.071242463962
2023-07-31,11065.071242463962
2023-08-01,11065.071242463962
2023-08-02,11065.071242463962
2023-08-03,11065.071242463962
2023-08-04,11065.071242463962
2023-08-07,11065.071242463962
2023-08-08,11065.071242463962
2023-08-09,11065.071242463962
2023-08-10,11065.071242463962
2023-08-11,11065.071242463962
2023-08-14,11065.071242463962
2023-08-16,11065.071242463962
2023-08-17,11065.071242463962
2023-08-18,11065.071242463962
2023-08-21,11065.071242463962
2023-08-22,11065.071242463962
2023-08-23,11065.071242463962
2023-08-24,11065.071242463962
2023-08-25,11065.071242463962
2023-08-28,11065.071242463962
2023-08-29,11065.071242463962
2023-08-30,11065.071242463962
2023-08-31,11065.071242463962
2023-09-01,11065.071242463962
2023-09-04,11065.071242463962
2023-09-05,11065.071242463962
2023-09-06,11048.481930256372
2023-09-07,11063.49549038057
2023-09-08,11137.190860297686
2023-09-11,11257.289225094435
2023-09-12,11094.656748696294
2023-09-13,11150.156452573841
2023-09-14,11160.391795726568
2023-09-15,11181.090658471727
2023-09-18,11083.738000246309
2023-09-20,10836.720705942647
2023-09-21,10757.793014218378
2023-09-22,10712.983882351107
2023-09-25,10647.020658881123
2023-09-26,10656.346668340619
2023-09-27,10776.445033137368
2023-09-28,10618.13554485315
2023-09-29,10667.720645648154
2023-10-03,10545.575437025234
2023-10-04,10527.379770985664
2023-10-05,10527.152718567826
2023-10-06,10544.893155749844
2023-10-09,10439.371617698385
2023-10-10,10439.371617698385
2023-10-11,10439.371617698385
2023-10-12,10439.371617698385
2023-10-13,10439.371617698385
2023-10-16,10439.371617698385
2023-10-17,10439.371617698385
2023-10-18,10439.371617698385
2023-10-19,10439.371617698385
2023-10-20,10439.371617698385
2023-10-23,10439.371617698385
2023-10-25,10439.371617698385
2023-10-26,10439.371617698385
2023-10-27,10439.371617698385
2023-10-30,10439.371617698385
2023-10-31,10439.371617698385
2023-11-01,10439.371617698385
2023-11-02,10439.371617698385
2023-11-03,10439.371617698385
2023-11-06,10439.371617698385
2023-11-07,10439.371617698385
2023-11-08,10439.371617698385
2023-11-09,10439.371617698385
2023-11-10,10439.371617698385
2023-11-13,10439.371617698385
2023-11-15,10423.720385887746
2023-11-16,10442.51956829788
2023-11-17,10419.738675334249
2023-11-20,10392.313728529885
2023-11-21,10523.027066969276
2023-11-22,10564.165580151544
2023-11-23,10596.456454868114
2023-11-24,10573.499571268585
2023-11-28,10557.647248073281
2023-11-29,10585.426631138454
2023-11-30,10482.910488371035
2023-12-01,10557.208190446201
2023-12-04,10671.408931353631
2023-12-05,10748.792021021573
2023-12-06,10851.75048983513
2023-12-07,10833.89184809051
2023-12-08,10828.15904105902
2023-12-11,10844.033752434134
2023-12-12,10688.384010478992
2023-12-13,10732.03592597324
2023-12-14,10865.196765848557
2023-12-15,11003.870339205318
2023-12-18,11115.86598672017
2023-12-19,11279.452539626358
2023-12-20,11142.984059662174
2023-12-21,11299.073948717414
2023-12-22,11310.097236734257
2023-12-26,11367.418770211041
2023-12-27,11406.220351820037
2023-12-28,11488.674938396298
2023-12-29,11397.84230429587
2024-01-01,11421.211500575891
2024-01-02,11515.790832392264
2024-01-03,11390.567892941011
2024-01-04,11449.429941268145
2024-01-05,11498.153353670712
2024-01-08,11408.425445212612
2024-01-09,11378.220895204813
2024-01-10,11667.587281757185
2024-01-11,11650.094647151851
2024-01-12,11742.830279373135
2024-01-15,11943.293386301119
2024-01-16,11776.240973589836
2024-01-17,11664.442999327972
2024-01-18,11719.056064212538
2024-01-19,11714.772831841308
2024-01-23,11364.668990999917
2024-01-24,11364.668990999917
2024-01-25,11364.668990999917
2024-01-29,11347.63050675554
2024-01-30,11014.300220015088
2024-01-31,10997.787026281934
2024-02-01,10997.980359973175
2024-02-02,11237.343660236516
2024-02-05,11093.379584199707
2024-02-06,11006.846090671543
2024-02-07,11117.470104987677
2024-02-08,11178.948314037094
2024-02-09,11260.856084716192
2024-02-12,11179.312173703069
2024-02-13,11179.312173703069
2024-02-14,11179.312173703069
2024-02-15,11179.312173703069
2024-02-16,11179.312173703069
2024-02-19,11179.312173703069
2024-02-20,11179.312173703069
2024-02-21,11179.312173703069
2024-02-22,11179.312173703069
2024-02-23,11179.312173703069
2024-02-26,11179.312173703069
2024-02-27,11179.312173703069
2024-02-28,11179.312173703069
2024-02-29,11179.312173703069
2024-03-01,11179.312173703069
2024-03-04,11179.312173703069
2024-03-05,11179.312173703069
2024-03-06,11162.551585736499
2024-03-07,10967.280457909199
2024-03-11,10967.280457909199
2024-03-12,10967.280457909199
2024-03-13,10967.280457909199
2024-03-14,10967.280457909199
2024-03-15,10967.280457909199
2024-03-18,10967.280457909199
2024-03-19,10967.280457909199
2024-03-20,10967.280457909199
2024-03-21,10967.280457909199
2024-03-22,10967.280457909199
2024-03-26,10967.280457909199
2024-03-27,10950.837758572003
2024-03-28,10899.488824872487
2024-04-01,10891.604464850852
2024-04-02,10907.558059542904
2024-04-03,10794.958523454632
2024-04-04,10731.323581845543
2024-04-05,10710.599496216264
2024-04-08,10900.406854378454
2024-04-09,10736.640540494614
2024-04-10,10853.459568566877
2024-04-12,10762.315460468511
2024-04-15,10745.259867869989
2024-04-16,10752.045854978265
2024-04-18,10741.592281087513
2024-04-19,10784.13791901115
2024-04-22,10855.475970986203
2024-04-23,10704.914600766184
2024-04-24,10637.794228278564
2024-04-25,10709.682372958576
2024-04-26,10655.216851429817
2024-04-29,10746.727990080914
2024-04-30,10761.215275058597
2024-05-02,10757.914718828852
2024-05-03,10519.14276618748
2024-05-06,10412.961280406476
2024-05-07,10265.138185161728
2024-05-08,10265.138185161728
2024-05-09,10265.138185161728
2024-05-10,10265.138185161728
2024-05-13,10265.138185161728
2024-05-14,10265.138185161728
2024-05-15,10265.138185161728
2024-05-16,10265.138185161728
2024-05-17,10265.138185161728
2024-05-21,10265.138185161728
2024-05-22,10265.138185161728
2024-05-23,10265.138185161728
2024-05-24,10265.138185161728
2024-05-27,10265.138185161728
2024-05-28,10265.138185161728
2024-05-29,10265.138185161728
2024-05-30,10265.138185161728
2024-05-31,10249.748172890122
2024-06-03,10822.462013291404
2024-06-04,9997.372044937005
2024-06-05,9997.372044937005
2024-06-06,9982.383481151493
2024-06-07,10249.792981163451
2024-06-10,10259.903783986862
2024-06-11,10157.22878375516
2024-06-12,10203.597888601007
2024-06-13,10217.020093490806
2024-06-14,10302.78661303597
2024-06-18,10327.018254223643
2024-06-19,10155.748460346666
2024-06-20,10155.748460346666
2024-06-21,10155.748460346666
2024-06-24,10155.748460346666
2024-06-25,10155.748460346666
2024-06-26,10140.522450660987
2024-06-27,10251.202553605875
2024-06-28,10484.618748579886
2024-07-01,10433.786350939277
2024-07-02,10433.786350939277
2024-07-03,10433.786350939277
2024-07-04,10418.143492841918
2024-07-05,10650.100322493361
2024-07-08,10732.392756728868
2024-07-09,10645.17650977725
2024-07-10,10645.17650977725
2024-07-11,10645.17650977725
2024-07-12,10645.17650977725
2024-07-15,10645.17650977725
2024-07-16,10645.17650977725
2024-07-18,10645.17650977725
2024-07-19,10645.17650977725
2024-07-22,10645.17650977725
2024-07-23,10645.17650977725
2024-07-24,10645.17650977725
2024-07-25,10645.17650977725
2024-07-26,10645.17650977725
2024-07-29,10629.216724905022
2024-07-30,10580.620083406875
2024-07-31,10526.60356227564
2024-08-01,10595.653899991928
2024-08-02,10468.227893081199
2024-08-05,10468.227893081199
2024-08-06,10468.227893081199
2024-08-07,10468.227893081199
2024-08-08,10468.227893081199
2024-08-09,10452.533398488873
2024-08-12,10340.049852193564
2024-08-13,10324.547528577084
2024-08-14,10296.564097034507
2024-08-16,10296.564097034507
2024-08-19,10281.126969452747
2024-08-20,10333.278579846465
2024-08-21,10352.102317498848
2024-08-22,10348.30235997701
2024-08-23,10361.081715778966
2024-08-26,10448.28852964966
2024-08-27,10364.362878742093
2024-08-28,10349.511746636825
2024-08-29,10505.7939297927
2024-08-30,10427.7391622274
2024-09-02,10473.501094720139
2024-09-03,10424.285351238997
2024-09-04,10461.758477552721
2024-09-05,10297.265274970176
2024-09-06,10297.265274970176
2024-09-09,10297.265274970176
2024-09-10,10297.265274970176
2024-09-11,10297.265274970176
2024-09-12,10281.827096147132
2024-09-13,10231.974633207554
2024-09-16,10207.78568167175
2024-09-17,10207.78568167175
2024-09-18,10192.481655162499
2024-09-19,10235.837237760566
2024-09-20,10349.013324931855
2024-09-23,10400.900419056421
2024-09-24,10357.486786976448
2024-09-25,10357.486786976448
2024-09-26,10357.486786976448
2024-09-27,10341.958321028958
2024-09-30,9990.844951984478
2024-10-01,9990.844951984478
2024-10-03,9990.844951984478
2024-10-04,9990.844951984478
2024-10-07,9990.844951984478
2024-10-08,9990.844951984478
2024-10-09,9990.844951984478
2024-10-10,9990.844951984478
2024-10-11,9975.866173945522
2024-10-14,9978.956328079752
2024-10-15,9771.746812462054
2024-10-16,9844.814813925632
2024-10-17,9861.901074632475
2024-10-18,9882.80347875595
2024-10-21,9954.781153529062
2024-10-22,9766.839447177046
2024-10-23,9731.759215365879
2024-10-24,9741.029677768565
2024-10-25,9654.145500491637
2024-10-28,9701.403732546734
2024-10-29,9742.48255151128
2024-10-30,9770.838206886665
2024-10-31,9684.68270442586
2024-11-01,9732.667820941268
2024-11-04,9453.097913295902
2024-11-05,9453.097913295902
2024-11-06,9453.097913295902
2024-11-07,9453.097913295902
2024-11-08,9453.097913295902
2024-11-11,9453.097913295902
2024-11-12,9453.097913295902
2024-11-13,9453.097913295902
2024-11-14,9453.097913295902
2024-11-18,9453.097913295902
2024-11-19,9453.097913295902
2024-11-21,9438.925352706254
2024-11-22,9766.16311770945
2024-11-25,9932.867481507117
2024-11-26,10000.012571861407
2024-11-27,9980.718573636761
2024-11-28,9807.839446222872
2024-11-29,9973.000594244495
2024-12-02,10103.81853945697
2024-12-03,10213.026712524712
2024-12-04,10102.274373424905
2024-12-05,10203.37876315637
2024-12-06,10122.341880049613
2024-12-09,9995.768728477282
2024-12-10,9916.274110890552
2024-12-11,9864.950783264807
2024-12-12,9746.868169228783
2024-12-13,9823.660258695396
2024-12-16,9788.544497742205
2024-12-17,9611.03477274416
2024-12-18,9672.39090342624
2024-12-19,9496.42344394822
2024-12-20,9288.372467802392
2024-12-23,9274.44687189864
2024-12-24,9277.861489426661
2024-12-26,9230.817308786174
2024-12-27,9264.962549834492
2024-12-30,9186.428215153795
2024-12-31,9222.46994692219
2025-01-01,9266.478808178672
2025-01-02,9422.406780412375
2025-01-03,9493.351415285237
2025-01-06,9227.961648931658
2025-01-07,9227.961648931658
2025-01-08,9214.126623970742
2025-01-09,9122.156475732727
2025-01-10,9122.156475732727
2025-01-13,9122.156475732727
2025-01-14,9122.156475732727
2025-01-15,9122.156475732727
2025-01-16,9122.156475732727
2025-01-17,9122.156475732727
2025-01-20,9108.480079217386
2025-01-21,8873.625745051113
2025-01-22,8873.625745051113
2025-01-23,8873.625745051113
2025-01-24,8873.625745051113
2025-01-27,8873.625745051113
2025-01-28,8873.625745051113
2025-01-29,8873.625745051113
2025-01-30,8873.625745051113
2025-01-31,8873.625745051113
2025-02-01,8873.625745051113
2025-02-03,8873.625745051113
2025-02-04,8873.625745051113
2025-02-05,8873.625745051113
2025-02-06,8873.625745051113
2025-02-07,8873.625745051113
2025-02-10,8873.625745051113
2025-02-11,8873.625745051113
2025-02-12,8873.625745051113
2025-02-13,8873.625745051113
2025-02-14,8873.625745051113
2025-02-17,8873.625745051113
2025-02-18,8873.625745051113
2025-02-19,8873.625745051113
2025-02-20,8873.625745051113
2025-02-21,8873.625745051113
2025-02-24,8873.625745051113
2025-02-25,8873.625745051113
2025-02-27,8873.625745051113
2025-02-28,8873.625745051113
2025-03-03,8873.625745051113
2025-03-04,8873.625745051113
2025-03-05,8873.625745051113
2025-03-06,8860.3219583269
2025-03-07,9154.788156585031
2025-03-10,9071.283314837643
2025-03-11,9136.475335281413
2025-03-12,9207.894887421882
2025-03-13,9140.870232016825
2025-03-17,9074.578810973739
2025-03-18,9074.578810973739
2025-03-19,9135.376836569381
2025-03-20,9296.526056492085
2025-03-21,9349.266621091592
2025-03-24,9537.885523913366
2025-03-25,9415.924208372022
2025-03-26,9325.094238103187
2025-03-27,9362.81747753517
2025-03-28,9340.109759496141
2025-04-01,9175.297073425429
2025-04-02,9150.934016432959
2025-04-03,9150.934016432959
2025-04-04,9150.934016432959
2025-04-07,9150.934016432959
2025-04-08,9137.214475178936
2025-04-09,9161.560934238476
2025-04-11,9421.25459428356
2025-04-15,9584.72340464665
2025-04-16,9578.540675420969
2025-04-17,9850.600745545742
2025-04-21,10012.909520981002
2025-04-22,9979.67390174029
2025-04-23,10047.689632992728
2025-04-24,10044.970989035828
2025-04-25,10044.970989035828
2025-04-28,10029.911062515534
2025-04-29,10256.331040294494
2025-04-30,10295.16703082494
2025-05-02,10403.614770585233
2025-05-05,10487.881814852404
2025-05-06,10396.062695750152
2025-05-07,10396.062695750152
2025-05-08,10396.062695750152
2025-05-09,10396.062695750152
2025-05-12,10396.062695750152
2025-05-13,10396.062695750152
2025-05-14,10396.062695750152
2025-05-15,10396.062695750152
2025-05-16,10396.062695750152
2025-05-19,10396.062695750152
2025-05-20,10396.062695750152
2025-05-21,10396.062695750152
2025-05-22,10396.062695750152
2025-05-23,10396.062695750152
2025-05-26,10396.062695750152
2025-05-27,10396.062695750152
2025-05-28,10396.062695750152
2025-05-29,10396.062695750152
2025-05-30,10396.062695750152
2025-06-02,10396.062695750152
2025-06-03,10396.062695750152
2025-06-04,10396.062695750152
2025-06-05,10396.062695750152
2025-06-06,10396.062695750152
2025-06-09,10396.062695750152
2025-06-10,10396.062695750152
2025-06-11,10380.476394856973
2025-06-12,10312.68979835848
2025-06-13,10312.68979835848
2025-06-16,10297.228494312967
2025-06-17,10249.960013333626
2025-06-18,10242.0820801358
2025-06-19,10265.000746102296
2025-06-20,10500.622726617694
2025-06-23,10433.302286726492
2025-06-24,10390.331661848137
2025-06-25,10508.501541607908
2025-06-26,10709.03171223516
2025-06-27,10852.983437846513
2025-06-30,10746.988465593164
2025-07-01,10946.086605381683
2025-07-02,10861.022691646695
2025-07-03,10861.022691646695
2025-07-04,10861.022691646695
2025-07-07,10844.739299305396
2025-07-08,10801.080883607856
2025-07-09,10801.080883607856
2025-07-10,10801.080883607856
2025-07-11,10801.080883607856
2025-07-14,10801.080883607856
2025-07-15,10801.080883607856
2025-07-16,10801.080883607856
2025-07-17,10801.080883607856
2025-07-18,10801.080883607856
2025-07-21,10801.080883607856
2025-07-22,10801.080883607856
2025-07-23,10784.887359044727
2025-07-24,10604.682962410632
2025-07-25,10604.682962410632
2025-07-28,10604.682962410632
2025-07-29,10588.783887504469
2025-07-30,10536.478851636555
2025-07-31,10372.206586673736
2025-08-01,10372.206586673736
2025-08-04,10372.206586673736
2025-08-05,10372.206586673736
2025-08-06,10356.656052061033
2025-08-07,10315.883465330682
2025-08-08,10315.883465330682
2025-08-11,10315.883465330682
2025-08-12,10315.883465330682
2025-08-13,10315.883465330682
2025-08-14,10315.883465330682
2025-08-18,10315.883465330682
2025-08-19,10315.883465330682
2025-08-20,10315.883465330682
2025-08-21,10315.883465330682
2025-08-22,10315.883465330682
2025-08-25,10315.883465330682
2025-08-26,10315.883465330682
2025-08-28,10315.883465330682
2025-08-29,10315.883465330682
2025-09-01,10315.883465330682
2025-09-02,10315.883465330682
2025-09-03,10315.883465330682
2025-09-04,10315.883465330682
2025-09-05,10315.883465330682
2025-09-08,10315.883465330682
2025-09-09,10315.883465330682
2025-09-10,10315.883465330682
2025-09-11,10315.883465330682
2025-09-12,10315.883465330682
2025-09-15,10315.883465330682
2025-09-16,10315.883465330682
2025-09-17,10315.883465330682
2025-09-18,10300.417373178761
2025-09-19,10245.094166949833
2025-09-22,10122.798743356605
2025-09-23,10116.976469571264
2025-09-24,10067.475537127677
2025-09-25,9990.313894282563
2025-09-26,10028.166708303717
2025-09-29,9993.225031175232
2025-09-30,9929.165736129478
2025-10-01,9963.378959500093
2025-10-03,9924.798584434006
2025-10-06,10009.240301293139
2025-10-07,10080.578777639976
2025-10-08,9953.916202351273
2025-10-09,10029.62272310652
2025-10-10,10058.011887265919
2025-10-13,10009.240301293139
2025-10-14,10015.79192154929
2025-10-15,10004.144695839794
2025-10-16,10178.851296056342
2025-10-17,10313.521506403999
2025-10-20,10677.493069439259
2025-10-21,10665.845843729765
2025-10-23,10543.551312849475
2025-10-24,10566.845764268464
2025-10-27,10803.427190970091
2025-10-28,10823.81050549641
2025-10-29,10949.743734314303
2025-10-30,10835.456838492966
2025-10-31,10820.170914845869
2025-11-03,10807.795235378502
2025-11-04,10723.353518519369
2025-11-06,10890.780937434834
2025-11-07,10759.022756692786
2025-11-10,10825.024396998077
2025-11-11,10825.024396998077
2025-11-12,10825.024396998077
2025-11-13,10825.024396998077
2025-11-14,10825.024396998077
2025-11-17,10825.024396998077
2025-11-18,10825.024396998077
2025-11-19,10825.024396998077
2025-11-20,10825.024396998077
2025-11-21,10825.024396998077
2025-11-24,10825.024396998077
2025-11-25,10825.024396998077
2025-11-26,10825.024396998077
2025-11-27,10825.024396998077
2025-11-28,10825.024396998077
2025-12-01,10825.024396998077
2025-12-02,10825.024396998077
2025-12-03,10825.024396998077
2025-12-04,10825.024396998077
2025-12-05,10825.024396998077
2025-12-08,10825.024396998077
2025-12-09,10825.024396998077
2025-12-10,10808.794975113524
2025-12-11,10849.467189844097
2025-12-12,10849.467189844097
2025-12-15,10849.467189844097
2025-12-16,10849.467189844097
2025-12-17,10849.467189844097
2025-12-18,10849.467189844097
2025-12-19,10849.467189844097
2025-12-22,10849.467189844097
2025-12-23,10849.467189844097
2025-12-24,10849.467189844097
2025-12-26,10849.467189844097
2025-12-29,10833.201122093207
2025-12-30,10792.548520142636
