Date,Adj Close,Close,High,Low,Open,Volume,SMA_20,SMA_50,EMA_20,EMA_50,RSI_14,EMA_12,EMA_26,MACD,Signal_Line,MACD_Histogram,BB_Middle,BB_Upper,BB_Lower,Signal,Portfolio_Value
2025-07-11,210.3256072998047,211.1600036621093,212.1300048828125,209.8600006103516,210.57000732421875,39765800,,,211.1600036621093,211.1600036621093,,211.1600036621093,211.1600036621093,0.0,0.0,0.0,,,,HOLD,10000.0
2025-07-14,207.79562377929688,208.6199951171875,210.9100036621093,207.5399932861328,209.92999267578125,38840100,,,210.91809808640247,211.0603954838771,,210.7692331167368,210.971854881004,-0.202621764267235,-0.040524352853447,-0.162097411413788,,,,SELL,10000.0
2025-07-15,208.28369140625,209.1100006103516,211.88999938964844,208.9199981689453,209.22000122070312,42296300,,,210.7458983267786,210.98390941040552,,210.51396657729288,210.83393974984452,-0.3199731725516983,-0.0964141167930972,-0.223559055758601,,,,HOLD,10000.0
2025-07-16,209.3295440673828,210.1600036621093,212.3999938964844,208.63999938964844,210.3000030517578,47490500,,,210.6900988349053,210.95159938106056,,210.45951074418767,210.78401855816048,-0.3245078139727582,-0.1420328562290294,-0.1824749577437287,,,,HOLD,10000.0
2025-07-17,209.1901092529297,210.0200042724609,211.8000030517578,209.58999633789065,210.57000732421875,48068100,,,210.6262803051487,210.9150662395469,,210.3918943639221,210.72742490736792,-0.3355305434458557,-0.1807323936723947,-0.154798149773461,,,,HOLD,10000.0
2025-07-18,210.34548950195312,211.17999267578125,211.7899932861328,209.6999969482422,210.8699951171875,48974600,,,210.6790148166375,210.92545551155607,,210.51314025805425,210.7609484457689,-0.2478081877146394,-0.1941475524808437,-0.0536606352337957,,,,HOLD,10000.0
2025-07-21,211.640365600586,212.47999572753903,215.77999877929688,211.6300048828125,212.1000061035156,51377400,,,210.850536808152,210.9864178729672,,210.81573340720576,210.8882852814556,-0.0725518742498252,-0.16982841683464,0.0972765425848147,,,,HOLD,10000.0
2025-07-22,213.5527801513672,214.3999938964844,214.9499969482422,212.22999572753903,213.13999938964844,46404100,,,211.18858034037405,211.12028359937963,,211.367158097864,211.1484118455318,0.2187462523322096,-0.09211348300127,0.3108597353334797,,,,BUY,10000.0
2025-07-23,213.30377197265625,214.1499938964844,215.1499938964844,212.4100036621093,215.0,46989300,,,211.47061972667024,211.2390957678936,,211.79528668226715,211.37075125671348,0.4245354255536711,0.0112162987097181,0.4133191268439529,,,,HOLD,9988.339551906858
2025-07-24,212.91531372070312,213.759994506836,215.69000244140625,213.52999877929688,213.8999938964844,46022600,,,211.6886554200194,211.3379545419697,,212.0975494245085,211.54773223820405,0.5498171863044661,0.1189364762286677,0.4308807100757983,,,,HOLD,9970.149281349448
2025-07-25,213.03485107421875,213.8800048828125,215.2400054931641,213.3999938964844,214.6999969482422,40268800,,,211.89735536885684,211.4376427906302,,212.37177334117064,211.7204931748417,0.6512801663289451,0.2254052142487232,0.4258749520802219,,,,HOLD,9975.7467803883
2025-07-28,213.2041778564453,214.0500030517578,214.8500061035156,213.0599975585937,214.02999877929688,37858000,,,212.10236943389503,211.54008829106652,,212.6299625274148,211.89304946202063,0.7369130653941625,0.3277067844778111,0.4092062809163513,,,,HOLD,9983.675799687962
2025-07-29,210.43516540527344,211.2700042724609,214.8099975585937,210.82000732421875,214.17999267578125,51411700,,,212.02309656137749,211.5294967609252,,212.42073818049883,211.8468979664977,0.5738402140011374,0.3769334703824764,0.196906743618661,,,,HOLD,9854.011673828
2025-07-30,208.2239227294922,209.0500030517578,212.38999938964844,207.72000122070312,211.8999938964844,45512500,,,211.73994479855656,211.43226171350688,42.739165272584,211.9021635453079,211.63972056540587,0.2624429799020333,0.3540353722863878,-0.0915923923843544,,,,HOLD,9750.466837825115
2025-07-31,206.7497711181641,207.57000732421875,209.83999633789065,207.1600036621093,208.4900054931641,80698400,,,211.3428078962387,211.2808007570642,38.78827561492602,211.23567797283263,211.33826032531792,-0.1025823524852569,0.2627118273320588,-0.3652941798173157,,,,HOLD,9681.437184388948
2025-08-01,201.580307006836,202.3800048828125,213.5800018310547,201.5,210.8699951171875,104434500,,,210.4892076092457,210.9317499384661,33.279772213963085,209.8732667282142,210.6746858480953,-0.8014191198811034,0.0498856378894264,-0.8513047577705297,,,,SELL,9439.366168103748
2025-08-04,202.5464630126953,203.3500061035156,207.8800048828125,201.67999267578125,204.509994506836,75109300,,,209.80928365631905,210.634426650821,34.95299192655345,208.86968817056825,210.1321169781264,-1.262428807558166,-0.212577251200092,-1.049851556358074,,,,HOLD,9439.366168103748
2025-08-05,202.1181640625,202.9199981689453,205.33999633789065,202.1600036621093,203.3999938964844,44155100,,,209.15316122895013,210.33190004368865,30.453553393802764,207.9543512472416,209.5978859552241,-1.6435347079824965,-0.498768742556573,-1.1447659654259237,,,,HOLD,9439.366168103748
2025-08-06,212.40733337402344,213.25,215.3800048828125,205.58999633789065,205.6300048828125,108483100,,,209.54333635000248,210.446335336093,55.62520893800242,208.7690664399737,209.86841292150385,-1.0993464815301195,-0.6188842903512823,-0.4804621911788371,,,,HOLD,9439.366168103748
2025-08-07,219.1605529785156,220.02999877929688,220.8500061035156,216.5800018310547,218.8800048828125,90224800,210.6395004272461,,210.54206610517332,210.82216527504212,62.88960340502402,210.5015175691004,210.62112298504405,-0.1196054159437096,-0.5190285154697678,0.3994230995260581,210.6395004272461,219.31621336369943,201.9627874907928,HOLD,9439.366168103748
2025-08-08,228.44374084472656,229.3500061035156,231.0,219.25,220.8300018310547,113854000,211.5490005493164,,212.33329848596787,211.54874726831565,69.9173575753995,213.40128503593348,212.0084476604864,1.3928373754470726,-0.1366553372863997,1.5294927127334723,211.5490005493164,223.60914534783592,199.4888557507969,BUY,9439.366168103748
2025-08-11,226.5391082763672,227.17999267578125,229.5599975585937,224.759994506836,227.9199981689453,61806100,212.47700042724608,,213.74726936118824,212.1617372842947,64.99998567251089,215.52108621129463,213.13226580976752,2.3888204015271413,0.3684398104763084,2.020380591050833,212.47700042724608,226.31363263259053,198.6403682219016,HOLD,9350.054850079012
2025-08-12,229.0021209716797,229.6499938964844,230.8000030517578,227.07000732421875,228.009994506836,55626200,213.5040000915528,,215.26181455502595,212.84755126908647,67.29137317410468,217.69476431670847,214.3558012235984,3.338963093110067,0.9625444670030604,2.3764186261070064,213.5040000915528,229.21105051619827,197.7969496669072,HOLD,9451.712776119602
2025-08-13,232.6717529296875,233.3300018310547,235.0,230.42999267578125,231.07000732421875,69878500,214.6625,,216.9825942956001,213.65078462445777,70.33879490253543,220.10018547276167,215.76129756489144,4.338887907870287,1.6378131551765058,2.7010747526937813,214.6625,232.5917463166711,196.73325368332888,HOLD,9603.170990514669
2025-08-14,232.1233062744141,232.77999877929688,235.1199951171875,230.8500061035156,234.0599975585937,51916300,215.8004997253418,,218.4871090083332,214.40094988543183,69.46845765013585,222.05092598145944,217.02194209929183,5.02898388216758,2.316047300574721,2.712936581592859,215.8004997253418,235.3087437424013,196.2922557082823,HOLD,9580.534495808088
2025-08-15,230.9366455078125,231.58999633789065,234.27999877929688,229.33999633789065,234.0,56038700,216.82099990844728,,219.7350030397196,215.07503013846943,67.69570011025367,223.51847526706425,218.1010572280769,5.417418038987279,2.9363214482572326,2.481096590730046,216.82099990844728,237.41658314674424,196.2254166701503,HOLD,9531.557523990172
2025-08-18,230.2386169433593,230.88999938964844,233.1199951171875,230.1100006103516,231.6999969482422,37476200,217.74150009155272,,220.79738364447468,215.6952250110647,70.66130788404368,224.65255590130795,219.04838627708224,5.604169624225705,3.4698910834509267,2.134278540774778,217.74150009155272,239.1497707498908,196.33322943321468,HOLD,9502.747725275663
2025-08-19,229.90956115722656,230.5599975585937,232.8699951171875,229.3500061035156,231.27999877929688,39402600,218.5495002746582,,221.72715639820032,216.2781572678305,73.59067189818288,225.5613930793519,219.90109822386088,5.660294855491003,3.907971837858942,1.7523230176320608,218.5495002746582,240.6358507987692,196.46314975054727,HOLD,9489.165828451714
2025-08-20,225.3723907470703,226.009994506836,230.47000122070312,225.7700042724609,229.97999572753903,42263900,219.1425003051758,,222.13504574188,216.65979794387,68.94776864739107,225.6304086835802,220.3536090596368,5.27679962394339,4.181737395075832,1.0950622288675582,219.1425003051758,241.36791494031763,196.917085670034,HOLD,9301.901194797658
2025-08-21,224.26551818847656,224.8999938964844,226.5200042724609,223.77999877929688,226.2700042724609,30621200,219.6995002746582,,222.3983741375565,216.9829428831882,75.25792391697979,225.5180371778732,220.69037830681071,4.827658871062454,4.310921690273156,0.5167371807892973,219.6995002746582,241.9153097191844,197.483690830132,HOLD,9256.21686111947
2025-08-22,227.11746215820312,227.759994506836,229.08999633789065,225.4100036621093,226.1699981689453,42477800,220.39349975585932,,222.9090046489165,217.4055723586254,76.26421746986759,225.8629536900213,221.21405358088668,4.648900109134615,4.378517374045448,0.270382735089167,220.39349975585932,242.71081771446785,198.0761817972509,HOLD,9373.92600558718
2025-08-25,226.5191650390625,227.1600036621093,229.3000030517578,226.22999572753903,226.47999572753903,30983100,221.04899978637687,,223.313861697792,217.78809907640908,75.98626709864969,226.0624998395733,221.6544943276439,4.408005511929417,4.3844150016222425,0.0235905103071747,221.04899978637687,243.35193682680853,198.74606274594532,HOLD,9349.232161548958
2025-08-26,228.6630859375,229.3099975585937,229.4900054931641,224.69000244140625,226.8699951171875,54575100,221.9509994506836,,223.8849222559636,218.2399382325732,70.87882005113228,226.5621148732688,222.2215686410476,4.340546232221186,4.375641247742031,-0.0350950155208451,221.9509994506836,244.0469291355497,199.85506976581743,HOLD,9437.719535030627
2025-08-27,229.8397674560547,230.4900054931641,230.8999938964844,228.259994506836,228.6100006103516,31259500,223.02299957275392,,224.51397780236363,218.72033302710616,65.91600244251836,227.16640573786805,222.83404544490807,4.332360292959976,4.36698505678562,-0.0346247638256445,223.02299957275392,244.55675885492656,201.48924029058125,HOLD,9486.285162583523
2025-08-28,231.9039306640625,232.5599975585937,233.4100036621093,229.33999633789065,230.82000732421875,38074700,224.27249908447263,,225.28026539819507,219.26306496951744,56.26706260449069,227.99618909490275,223.55448634221813,4.44170275268462,4.38192859596542,0.0597741567191993,224.27249908447263,244.91238192512373,203.6326162438216,HOLD,9571.479897925454
2025-08-29,231.485107421875,232.13999938964844,233.3800048828125,231.3699951171875,232.509994506836,39418400,225.7604988098145,,225.9335733973811,219.7680427899148,60.393978598046,228.6336983710175,224.1904502716574,4.4432480993600905,4.394192496644354,0.049055602715736,225.7604988098145,243.8936671542712,207.62733046535777,HOLD,9554.194018696751
2025-09-02,229.0719451904297,229.72000122070312,230.8500061035156,226.97000122070312,229.25,44075600,227.07899856567383,,226.2941855710308,220.1583156695535,50.14701245568472,228.80082188635373,224.6000466382534,4.200775248100342,4.355509046935552,-0.1547337988352097,227.07899856567383,241.8796718531234,212.27832527822423,HOLD,9454.594069994308
2025-09-03,237.79725646972656,238.47000122070312,238.8500061035156,234.3600006103516,237.2100067138672,66427800,228.8564987182617,,227.4537870614758,220.87642098528485,58.89889410724162,230.2883879377921,225.62745068139785,4.660937256394277,4.416594688827297,0.2443425675669797,228.8564987182617,239.35403899995487,218.3589584365685,HOLD,9814.71812394192
2025-09-04,239.1035614013672,239.77999877929688,239.8999938964844,236.7400054931641,238.4499969482422,47549400,230.18299865722656,,228.6277119869825,221.61773776152063,61.808373393682096,231.7486357595621,226.67578757753847,5.072848182023591,4.547845387466556,0.525002794557035,230.18299865722656,238.9370675627941,221.428929751659,HOLD,9868.633738966178
2025-09-05,239.0137939453125,239.69000244140625,241.32000732421875,238.4900054931641,240.0,54870400,231.16599884033204,,229.6812634588324,222.3264540234769,64.19063128877511,232.9703844798458,227.63980349338053,5.3305809864652645,4.704392507266298,0.6261884791989667,231.16599884033204,239.5261059744696,222.80589170619447,HOLD,9864.929756561423
2025-09-08,237.2089080810547,237.8800048828125,240.1499938964844,236.33999633789065,239.3000030517578,48999500,231.59249877929688,,230.46209597540195,222.9363971944313,61.78753883531866,233.7257106956868,228.39833692963472,5.327373766052091,4.828988759023456,0.4983850070286344,231.59249877929688,240.4198022622683,222.76519529632543,HOLD,9790.43562416873
2025-09-09,233.6888732910156,234.3500061035156,238.77999877929688,233.3600006103516,237.0,66313900,231.9509994506836,,230.8323731304604,223.3839897006699,55.76866265091584,233.8217561430451,228.8392013128852,4.982554830159927,4.859701973250751,0.1228528569091764,231.9509994506836,240.60443556904465,223.2975633323225,HOLD,9645.151341788098
2025-09-10,226.1501922607422,226.7899932861328,232.4199981689453,225.9499969482422,232.19000244140625,83440800,231.80799942016603,,230.44738457385773,223.5175584687273,51.0875614862219,232.7399464727509,228.68740812571832,4.052538347032566,4.698269248007114,-0.6457309009745478,231.80799942016603,240.7124237729028,222.90357506742927,HOLD,9334.003631651893
2025-09-11,229.3810577392578,230.02999877929688,230.4499969482422,226.6499938964844,226.8800048828125,50208600,231.6429992675781,,230.40763354580432,223.7729482848281,56.751784945407294,232.3230314429888,228.78685928524263,3.53617215774608,4.465849829954907,-0.9296776722088272,231.6429992675781,240.5509728210301,222.7350257141261,HOLD,9467.352650281695
2025-09-12,233.40968322753903,234.07000732421875,234.509994506836,229.0200042724609,229.22000122070312,55824200,231.7074996948242,,230.75643104851045,224.1767545216669,58.05465038594952,232.591796963178,229.1782035844261,3.413593378751898,4.255398539714305,-0.8418051609624069,231.7074996948242,240.66865986469412,222.74633952495424,HOLD,9633.627422302297
2025-09-15,236.0322265625,236.6999969482422,238.19000244140625,235.02999877929688,237.0,42699500,231.9629997253418,,231.322484943723,224.6678620678072,61.57766261259385,233.2238277301109,229.7353734632273,3.4884542668836502,4.102009685148174,-0.6135554182645242,231.9629997253418,241.1972834040254,222.7287160466582,HOLD,9741.869996615838
2025-09-16,237.4781494140625,238.1499938964844,241.22000122070312,236.32000732421875,237.17999267578125,63421100,232.3259994506836,,231.97272389160503,225.19657311991213,60.913575725791006,233.98169944801447,230.3586786805056,3.6230207675089616,4.006211901620333,-0.3831911341113709,232.3259994506836,241.94543337284887,222.70656552851824,HOLD,9801.547571382998
2025-09-17,238.3157958984375,238.9900054931641,240.1000061035156,237.72999572753903,238.97000122070312,46508000,232.7474998474121,,232.64103642508684,225.73749203651025,60.58266835769701,234.7522080703452,230.998036222184,3.754171848161235,3.9558038909285136,-0.2016320427672786,232.7474998474121,242.77137796898083,222.7236217258434,HOLD,9836.119957846917
2025-09-18,237.2089080810547,237.8800048828125,241.1999969482422,236.6499938964844,239.97000122070312,44249600,233.3410003662109,,233.1399858020131,226.21366901087504,56.785721514730255,235.23340757995555,231.5078116785268,3.7255959014287328,3.9097622930285576,-0.1841663915998248,233.3410003662109,243.08698363856888,223.59501709385304,HOLD,9790.43562416873
2025-09-19,244.8074188232422,245.5,246.3000030517578,240.2100067138672,241.22999572753903,163741300,234.37100067138672,223.92899993896484,234.3171300113452,226.9699957163309,64.3965495412334,236.81288333688548,232.54427007271,4.268613264175457,3.9815324872579376,0.2870807769175192,234.37100067138672,244.69774236507132,224.04425897770207,HOLD,10104.052027901596
2025-09-22,255.3575592041016,256.0799865722656,256.6400146484375,248.1199951171875,248.3000030517578,105517400,235.7870002746582,224.827399597168,236.38978301714712,228.11156398519108,74.15687915239882,239.7770530654055,234.2876564800845,5.489396585321003,4.283105306870551,1.2062912784504525,235.7870002746582,249.5061466371304,222.067853912186,HOLD,10539.492902771952
2025-09-23,253.71221923828125,254.42999267578125,257.3399963378906,253.5800018310547,255.8800048828125,60275200,237.1504997253418,225.74359954833983,238.1078982227313,229.1436592279593,66.81415331709928,242.0313514670018,235.77968138346944,6.25167008353236,4.6768182622029135,1.574851821329447,237.1504997253418,252.57416316088305,221.72683628980056,HOLD,10471.58404665872
2025-09-24,251.59820556640625,252.3099975585937,255.7400054931641,251.0399932861328,255.22000122070312,42303700,238.3004997253418,226.6075994873047,239.46047911186105,230.05214308406264,62.97907772026613,243.612681634939,237.00414924829343,6.60853238664555,5.063161087091441,1.545371299554109,238.3004997253418,254.6638832433685,221.9371162073151,HOLD,10384.331333978636
2025-09-25,256.14532470703125,256.8699951171875,257.1700134277344,251.7100067138672,253.2100067138672,55202100,239.61949920654297,227.54179931640624,241.11852825522547,231.10382355595,66.28744392958151,245.6522683245157,238.4756933867301,7.176574937785631,5.485843857230279,1.6907310805553522,239.61949920654297,257.513271525598,221.72572688748795,HOLD,10572.007311897725
2025-09-26,254.73931884765625,255.4600067138672,257.6000061035156,253.77999877929688,254.1000061035156,46076300,240.76449966430664,228.4505993652344,242.48438334652468,232.0589679935153,66.79404679616326,247.16115115364667,239.7337906702217,7.427360483424962,5.874147182469216,1.553213300955747,240.76449966430664,259.6589614576524,221.87003787096089,HOLD,10513.976370203687
2025-09-29,253.71221923828125,254.42999267578125,255.0,253.009994506836,254.5599975585937,40127700,241.87899932861328,229.3155993652344,243.62206042550147,232.9362630790944,70.14445028861276,248.2794344647443,240.82239822618908,7.457036238555219,6.190724993686416,1.2663112448688023,241.87899932861328,261.2549190821862,222.5030795750404,HOLD,10471.58404665872
2025-09-30,253.9116668701172,254.6300048828125,255.9199981689453,253.1100006103516,254.8600006103516,37704300,243.1244995117188,230.15859954833985,244.6704360881025,233.7869980517892,82.7683785272033,249.25644529829327,241.84518390445749,7.411261393835787,6.434832273716291,0.976429120119496,243.1244995117188,262.4117806136208,223.83721840981664,HOLD,10479.815956011304
2025-10-01,254.7293395996093,255.4499969482422,258.7900085449219,254.92999267578125,255.0399932861328,48713900,243.9734992980957,230.979599609375,245.6970609319254,234.6365274202776,81.72742061979037,250.20929939828545,242.8529478336268,7.356351564658695,6.619136131904772,0.7372154327539233,243.9734992980957,263.8829457648748,224.06405283131667,HOLD,10513.56439793215
2025-10-02,256.40460205078125,257.1300048828125,258.17999267578125,254.1499938964844,256.5799865722656,42630200,244.84099960327148,231.8391998291016,246.78591273677176,235.51862457567108,80.58356599287801,251.2740233189819,243.9105076150479,7.363515703934013,6.768012046310621,0.5955036576233921,244.84099960327148,265.47970027343166,224.2022989331113,HOLD,10582.70854285348
2025-10-03,257.2920837402344,258.0199890136719,259.239990234375,253.9499969482422,254.6699981689453,49155600,245.75749893188475,232.72439971923828,247.8558247631432,236.4010310242201,79.64405753365006,252.31186419508805,244.9556543853164,7.356209809771713,6.88565159900284,0.470558210768873,245.75749893188475,267.05066267375105,224.4643351900185,HOLD,10619.337650642521
2025-10-06,255.9658660888672,256.69000244140625,259.07000732421875,255.0500030517578,257.989990234375,44664100,246.6979988098145,233.58059967041007,248.69717501821583,237.196676962149,75.86499194485017,252.98542392529083,245.82486535243413,7.160558572856701,6.940632993773612,0.2199255790830889,246.6979988098145,268.18688614717774,225.2091114724512,HOLD,10564.599347088213
2025-10-07,255.7564392089844,256.4800109863281,257.3999938964844,255.42999267578125,256.8099975585937,31955800,247.80449905395508,234.42919982910155,249.4383974913694,237.95288613956785,74.83674023919183,253.523052703912,246.61413539938923,6.908917304522731,6.934289855923436,-0.0253725514007046,247.80449905395508,268.89151829768576,226.7174798102244,HOLD,10555.956721477118
2025-10-08,257.3319702148437,258.0599975585937,258.5199890136719,256.1099853515625,256.5199890136719,36496900,249.3679992675781,235.3649996948242,250.2595022596765,238.74140031286296,78.27919189845689,254.22104422001684,247.4619770408118,6.759067179205033,6.899245320579756,-0.1401781413747231,249.3679992675781,268.4347597979594,230.30123873719683,HOLD,10620.98428371564
2025-10-09,253.32330322265625,254.0399932861328,258.0,253.13999938964844,257.8099975585937,38322000,250.56849899292,236.26479949951167,250.6195490241009,239.3413451353441,63.31048791590146,254.1931902301885,247.9492375034281,6.243952726760369,6.76818680181588,-0.5242340750555101,250.56849899292,267.4012160062874,233.73578197955248,HOLD,10455.5328282316
2025-10-10,244.5780639648437,245.2700042724609,256.3800048828125,244.0,254.94000244140625,61999100,251.12849884033204,237.0187994384765,250.11006857156377,239.57384157209384,32.14403275378052,252.8203923905381,247.75077578261576,5.069616607922342,6.428472763037172,-1.3588561551148306,251.12849884033204,266.31483994795434,235.9421577327097,HOLD,10094.586085753937
2025-10-13,246.9613342285156,247.6600036621093,249.69000244140625,245.5599975585937,249.3800048828125,38142900,251.6764991760254,237.9243994140625,249.87672905637768,239.8909459677807,39.084166064711845,252.02648643231828,247.74405192183752,4.282434510480755,5.999265112525889,-1.7168306020451345,251.6764991760254,265.3901976423415,237.9628007097093,HOLD,10192.951373654794
2025-10-14,247.07101440429688,247.7700042724609,248.8500061035156,244.6999969482422,246.6000061035156,35478000,252.15749969482425,238.8127993774414,249.6760886007665,240.1999286463956,42.17241301292636,251.37164302310944,247.74597431818,3.62566870492944,5.5245458310066,-1.8988771260771613,252.15749969482425,264.47760200208376,239.8373973875647,HOLD,10197.478672596113
2025-10-15,248.6365661621093,249.33999633789065,251.82000732421875,247.47000122070312,249.4900054931641,33893600,252.6749992370605,239.74119934082032,249.644079813826,240.55836267351307,35.52477196835838,251.05908199461425,247.8640500233437,3.195031971270509,5.058643059059383,-1.8636110877888736,252.6749992370605,263.43728895804713,241.912709516074,HOLD,10262.094890569615
2025-10-16,246.7519073486328,247.4499969482422,249.0399932861328,245.1300048828125,248.25,39777000,253.153498840332,240.42519927978515,249.4351195409133,240.8286228411495,34.881045778740884,250.50383814132624,247.83337942518807,2.670458716138171,4.581006190475141,-1.91054747433697,253.153498840332,261.78644959222584,244.5205480884382,HOLD,10184.30812003719
2025-10-17,251.5782470703125,252.2899932861328,253.3800048828125,247.2700042724609,248.0200042724609,49147000,253.49299850463868,241.07039916992187,249.7070122785532,241.2780883487959,46.468641114105246,250.7786312405273,248.16349897044324,2.6151322700840183,4.187831406396916,-1.572699136312898,253.49299850463868,261.3586015785676,245.6273954307098,HOLD,10383.508017442078
2025-10-20,261.50018310546875,262.239990234375,264.3800048828125,255.6300048828125,255.88999938964844,90483000,253.8009986877441,241.72819885253907,250.90062922672672,242.10012371685784,59.50062330648086,252.54191723958075,249.2062020270308,3.335715212549985,4.01740816762753,-0.681692955077545,253.8009986877441,262.5283507966513,245.07364657883696,HOLD,10793.020387472634
2025-10-21,262.0286865234375,262.7699890136719,265.2900085449219,261.8299865722656,261.8800048828125,46695900,254.21799850463867,242.43999877929687,252.031044444531,242.91070666967408,59.205236812888025,254.11546674328707,250.21092698900412,3.9045397542828937,3.994834484958603,-0.0902947306757093,254.21799850463867,263.82458706107184,244.61140994820548,HOLD,10814.833565642653
2025-10-22,257.72088623046875,258.45001220703125,262.8500061035156,255.42999267578125,262.6499938964844,45015300,254.5249992370605,243.0159991455078,252.64237470762623,243.52009120055084,51.55661599585421,254.7823198915554,250.8212295977469,3.961090293808468,3.988085646728576,-0.0269953529201085,254.5249992370605,264.2663442853617,244.78365418875933,HOLD,10637.036130149272
2025-10-23,258.84765625,259.5799865722656,260.6199951171875,258.010009765625,259.94000244140625,32754900,254.66049880981444,243.54099884033204,253.3030996471157,244.14989101904948,51.82927003830452,255.5204224578185,251.47002641067425,4.050396047144318,4.000547726811725,0.0498483203325932,254.66049880981444,264.612301127509,244.70869649211983,HOLD,10683.542524350996
2025-10-24,262.0785522460937,262.82000732421875,264.1300048828125,259.17999267578125,261.19000244140625,38253700,255.028498840332,244.1417990112305,254.20947180683984,244.8820524427816,56.879927004299184,256.6434355141878,252.31076573760345,4.332669776584339,4.066972136766248,0.2656976398180912,255.028498840332,265.6280235602479,244.4289741204161,HOLD,10816.89217098731
2025-10-27,268.0516662597656,268.8099975585937,269.1199951171875,264.6499938964844,264.8800048828125,44888200,255.74749908447265,244.88619903564447,255.5999980689116,245.82040323163696,62.24916035607325,258.51521429025024,253.5329310576768,4.982283232573451,4.2500343559276885,0.7322488766457624,255.74749908447265,267.9983371708583,243.49666099808704,HOLD,11063.422407136994
2025-10-28,268.2411193847656,269.0,269.8900146484375,268.1499938964844,268.989990234375,41534800,256.465998840332,245.6483990478516,256.87618872901527,246.72940702647475,61.17696724500897,260.1282582455964,254.67863986821925,5.449618377377135,4.489951160217578,0.9596672171595566,256.465998840332,270.0535284161978,242.87846926446625,HOLD,11071.242344218042
2025-10-29,268.93914794921875,269.70001220703125,271.4100036621094,267.1099853515625,269.2799987792969,51086700,257.17849960327146,246.4311993408203,258.0975052507311,247.63021507277108,67.16356456679135,261.60083577812486,255.79133411553863,5.8095016625862,4.753861260691303,1.0556404018948973,257.17849960327146,271.9817941375997,242.3752050689432,HOLD,11100.05277093906
2025-10-30,270.63433837890625,271.3999938964844,274.1400146484375,268.4800109863281,271.989990234375,69886500,257.8919990539551,247.33899932861328,259.364408931279,248.5623632619363,83.89108810172854,263.1083985655648,256.9475311363494,6.160867429215386,5.03526249439612,1.1256049348192665,257.8919990539551,274.0032581569897,241.78073995092043,HOLD,11170.018976383926
2025-10-31,269.6072692871094,270.3699951171875,277.32000732421875,269.1600036621094,276.989990234375,86167100,258.50949935913087,248.2483993530273,260.41255999660365,249.41756451116183,80.5324377995142,264.22556726581445,257.94178772752264,6.28377953829181,5.284965903175258,0.9988136351165524,258.50949935913087,275.5606796161084,241.45831910215333,HOLD,11127.62728084547
2025-11-03,268.2909545898437,269.04998779296875,270.8500061035156,266.25,270.4200134277344,50194600,259.127498626709,249.07419921875,261.235172167686,250.1874634633896,77.70834931071107,264.9677858084536,258.76461736200014,6.2031684464534464,5.468606411830896,0.7345620346225505,259.127498626709,276.7861384934856,241.4688587599324,HOLD,11073.299693549676
2025-11-04,269.2781982421875,270.0400085449219,271.489990234375,267.6199951171875,268.3299865722656,49274800,259.80549850463865,249.93179931640623,262.07372801313704,250.9659946430576,77.36650568674673,265.7481277679102,259.59983152369807,6.148296244212133,5.604544378307144,0.5437518659049898,259.80549850463865,278.0671115333887,241.54388547588863,HOLD,11114.046012028033
2025-11-05,269.3779296875,270.1400146484375,271.70001220703125,266.92999267578125,268.6099853515625,43683100,260.40949935913085,250.7483996582031,262.8419457879276,251.7179169962097,81.48768814629132,266.4238026726067,260.38058582923435,6.043216843372363,5.692278871320188,0.3509379720521757,260.40949935913085,279.21890369333147,241.60009502493023,HOLD,11118.161966704325
2025-11-06,269.0089416503906,269.7699890136719,273.3999938964844,267.8900146484375,267.8900146484375,51204000,261.1959991455078,251.53399932861328,263.5017594284746,252.42584138905136,77.69326462046195,266.93860057123214,261.0760971762297,5.86250339500242,5.726323776056635,0.1361796189457855,261.1959991455078,280.19847297263027,242.19352531838533,HOLD,11102.932808800744
2025-11-07,267.7126159667969,268.4700012207031,272.2900085449219,266.7699890136719,269.79998779296875,48227400,262.3559989929199,252.25219940185548,263.97492531344875,253.0550241275475,63.5967044750671,267.17420067115074,261.62379377211664,5.550406899034101,5.691140400652129,-0.140733501618028,262.3559989929199,280.05261392607326,244.65938405976647,HOLD,11049.429166048021
2025-11-10,268.93035888671875,269.42999267578125,273.7300109863281,267.4599914550781,268.9599914550781,41312400,263.4444984436035,252.9979992675781,264.4944555384328,253.69717975689,64.26736226881363,267.52124559494007,262.2020307279437,5.31921486699639,5.616755293920981,-0.2975404269245914,263.4444984436035,279.9747313022661,246.9142655849409,HOLD,11088.93956771177
2025-11-11,274.73956298828125,275.25,275.9100036621094,269.79998779296875,269.8099975585937,46208300,264.8184982299805,253.90859924316408,265.5187931062011,254.54238839387472,83.81636398929675,268.71028473418005,263.16854697031823,5.541737763861818,5.60175178790915,-0.0600140240473319,264.8184982299805,280.4042773988947,249.2327190610663,HOLD,11328.47381132348
2025-11-12,272.9628601074219,273.4700012207031,275.7300109863281,271.70001220703125,275.0,48398000,266.0249984741211,254.6085992431641,266.27605102186794,255.284647720417,77.24595274753429,269.44254880902974,263.9316176555319,5.510931153497836,5.583587661026887,-0.072656507529051,266.0249984741211,280.24140900508354,251.80858794315864,HOLD,11255.214339732373
2025-11-13,272.44384765625,272.95001220703125,276.70001220703125,272.0899963378906,274.1099853515625,49602800,267.29999923706055,255.27199951171875,266.91166637283584,255.9774071120489,72.24417258164819,269.98215856256843,264.5996468815689,5.382511680999528,5.543372465021416,-0.1608607840218878,267.29999923706055,278.82039446449824,255.7796040096229,HOLD,11233.813133833888
2025-11-14,271.9048156738281,272.4100036621094,275.9599914550781,269.6000061035156,271.04998779296875,47431300,268.3059997558594,255.9263995361328,267.43531754324283,256.6218226630317,60.39260461321886,270.355673193267,265.1781918282756,5.177481364991422,5.470194245015417,-0.2927128800239948,268.3059997558594,277.60782504513986,259.0041744665789,HOLD,11211.587983392332
2025-11-17,266.9639892578125,267.4599914550781,270.489990234375,265.7300109863281,268.82000732421875,45018300,268.5669998168945,256.51799926757815,267.4376674396081,257.0468488901708,46.5126693286562,269.91018369508413,265.3472140228536,4.562969672230565,5.288749330458447,-0.7257796582278822,268.5669998168945,277.4349862141784,259.6990134196106,HOLD,11007.860159039616
2025-11-18,266.9440612792969,267.44000244140625,270.7099914550781,265.32000732421875,269.989990234375,45677300,268.8005004882813,257.17979919433594,267.4378898207317,257.45442353923886,44.71960937544564,269.5301558099029,265.5022353871908,4.0279204227121,5.036583548909178,-1.008663126197078,268.8005004882813,277.2624270523853,260.33857392417724,HOLD,11007.037470509567
2025-11-19,268.0619506835937,268.5599975585937,272.2099914550781,265.5,265.5299987792969,40424500,269.3059997558594,258.0151992797852,267.5447572243377,257.8899362458802,43.17965615751834,269.3809006943169,265.7287362887762,3.6521644055407023,4.759699720235483,-1.1075353146947808,269.3059997558594,276.23320925548865,262.3787902562301,HOLD,11053.133148452775
2025-11-20,265.7562561035156,266.25,275.42999267578125,265.9200134277344,270.8299865722656,45823600,269.6395004272461,258.7395993041992,267.421447012496,258.2177818832967,40.67875952464458,268.899223664422,265.7673484155335,3.131875248888491,4.434134825966085,-1.302259577077594,269.6395004272461,275.07726210878764,264.2017387457046,HOLD,10958.06049869165
2025-11-21,270.98651123046875,271.489990234375,273.3299865722656,265.6700134277344,265.95001220703125,59030800,270.072999572754,259.48799896240234,267.8089273193416,258.7382606421625,54.68870217117981,269.29780313672245,266.19124780952177,3.106555327200681,4.1686189262130044,-1.0620635990123235,270.072999572754,274.512400757144,265.63359838836385,HOLD,11173.722958788681
2025-11-24,275.4083251953125,275.9200134277344,277.0,270.8999938964844,270.8999938964844,65585800,270.4285003662109,260.2723992919922,268.5814117106171,259.4120548690477,59.9796342451308,270.316604719955,266.9118971145746,3.404707605380452,4.015836662046494,-0.6111290566660426,270.4285003662109,275.531216347053,265.3257843853689,HOLD,11356.049577242913
2025-11-25,276.4563903808594,276.9700012207031,280.3800048828125,275.25,275.2699890136719,46914200,270.8270004272461,261.0487994384766,269.38032499729195,260.1006017847989,61.22983516897066,271.34020418160856,267.6569418631767,3.683262318431844,3.949321793323565,-0.2660594748917209,270.8270004272461,276.65350427144267,265.00049658304954,HOLD,11399.263961311417
2025-11-26,277.0352783203125,277.54998779296875,279.5299987792969,276.6300048828125,276.9599914550781,33431400,271.219499206543,261.81999908447267,270.1583881206897,260.78489143217814,62.70412765172849,272.2955555064332,268.3897600801984,3.9057954262348176,3.940616519905815,-0.0348210936709976,271.219499206543,277.7423505253864,264.6966478876996,HOLD,11423.134488813072
2025-11-28,278.3328857421875,278.8500061035156,279.0,275.989990234375,277.260009765625,20135600,271.59199981689454,262.6393991088867,270.98616126191126,261.49332730164235,66.9497167505851,273.3039325213689,269.1645931189626,4.139339402406336,3.980361096405919,0.1589783060004164,271.59199981689454,278.9550365528895,264.2289630808996,HOLD,11476.639387578816
2025-12-01,282.57501220703125,283.1000061035156,283.4200134277344,276.1400146484375,278.010009765625,46587700,272.22850036621094,263.391399230957,272.1398607706355,262.3406480389707,70.15631370015026,274.8110207647761,270.1968459326332,4.614174832142908,4.1071238435533175,0.5070509885895902,272.22850036621094,281.1769636462838,263.28003708613807,HOLD,11651.556785210514
2025-12-02,285.6592712402344,286.19000244140625,287.3999938964844,282.6300048828125,283.0,53669500,273.0855010986328,263.99359954833983,273.4779695011851,263.2759168390662,67.54330502120969,276.56163333041155,271.3815241925423,5.180109137869238,4.3217209024165015,0.8583882354527361,273.0855010986328,283.8508237844396,262.32017841282595,HOLD,11778.73187182588
2025-12-03,283.623046875,284.1499938964844,288.6199951171875,283.29998779296875,286.20001220703125,43538700,273.79100036621094,264.5879995727539,274.4943527769279,264.0945080962199,66.98471985758471,277.7290734174997,272.3273367632047,5.401736654295007,4.5377240527922025,0.8640126015028047,273.79100036621094,285.5220317397521,262.0599689926698,HOLD,11694.771169279018
2025-12-04,280.179443359375,280.70001220703125,284.7300109863281,278.5899963378906,284.1000061035156,43989100,274.3190002441406,265.15579986572266,275.08536796074725,264.7457043358596,61.27436878238668,278.1861409235815,272.9475349442289,5.238605979352599,4.677900438104282,0.5607055412483168,274.3190002441406,286.30592541632296,262.3320750719583,HOLD,11552.78015304463
2025-12-05,278.26300048828125,278.7799987792969,281.1400146484375,278.04998779296875,280.5400085449219,47265800,274.7695007324219,265.5939999389648,275.4372375625139,265.29606882383746,58.90908407998254,278.27750367061464,273.3795693023821,4.897934368232541,4.721907224129934,0.1760271441026066,274.7695007324219,286.713742001564,262.82525946327974,HOLD,11473.758093704111
2025-12-08,277.3746643066406,277.8900146484375,279.6700134277344,276.1499938964844,278.1300048828125,38211800,275.2405014038086,266.04260009765625,275.67083538022086,265.7899490522532,66.45634653515887,278.21788997489506,273.7136763650529,4.504213609842168,4.678368501272381,-0.1741548914302129,275.2405014038086,286.8777858849968,263.6032169226204,HOLD,11437.128985915067
2025-12-09,276.6659545898437,277.17999267578125,280.0299987792969,276.9200134277344,278.1600036621094,32193300,275.6280014038086,266.49760009765623,275.8145646464647,266.23661742964646,65.0401308919275,278.0582134673391,273.97044053621795,4.087772931121151,4.560249387242135,-0.472476456120984,275.6280014038086,286.9628275016278,264.29317530598934,HOLD,11407.906586922514
2025-12-10,278.26300048828125,278.7799987792969,279.75,276.44000244140625,277.75,33038300,275.80450134277345,266.980599975586,276.09698694482967,266.7285147374759,65.55081601512703,278.1692573614864,274.32670410977937,3.842553251707045,4.416710160135117,-0.5741569084280718,275.80450134277345,287.2241612187738,264.3848414667731,HOLD,11473.758093704111
2025-12-11,277.514404296875,278.0299987792969,279.5899963378906,273.8099975585937,279.1000061035156,33248000,276.0325012207031,267.43220001220703,276.28108331001704,267.17171019009635,68.81787841530988,278.1478329642265,274.60102223344734,3.546810730779157,4.242730274263925,-0.6959195434847683,276.0325012207031,287.4379871549283,264.627015286478,HOLD,11442.890317651458
2025-12-12,277.7639465332031,278.2799987792969,279.2200012207031,276.82000732421875,277.8999938964844,39532900,276.2990005493164,267.8551998901367,276.4714562118532,267.6073293504572,62.90384131340278,278.168166166545,274.8735390146214,3.2946271519236348,4.053109649795868,-0.7584824978722331,276.2990005493164,287.6501733479264,264.94782775070644,HOLD,11453.179576335675
2025-12-15,273.6016540527344,274.1099853515625,280.1499938964844,272.8399963378906,280.1499938964844,50409100,276.3839996337891,268.1769998168945,276.24655422515883,267.8623354681476,46.52586026122091,277.5438306565477,274.8169794840244,2.726851172523311,3.787857954341357,-1.0610067818180458,276.3839996337891,287.63759632110464,265.1304029464735,HOLD,11281.554188837197
2025-12-16,274.1007385253906,274.6099853515625,275.5,271.7900085449219,272.82000732421875,37648600,276.74149932861326,268.5353994750977,276.0906905229116,268.12694918906584,45.37252344166063,277.0924698403961,274.8016465853235,2.2908232550726098,3.4884510144876075,-1.1976277594149978,276.74149932861326,287.229682317778,266.2533163394486,HOLD,11302.132706205632
2025-12-17,271.3358764648437,271.8399963378906,276.1600036621094,271.6400146484375,275.010009765625,50138700,276.9614990234375,268.8425991821289,275.6858625052905,268.2725588811766,39.68944626476971,276.28439699385683,274.58226508551365,1.7021319083431763,3.1311871932587216,-1.4290552849155451,276.9614990234375,286.7921525475544,267.1308454993206,HOLD,11188.12817214919
2025-12-18,271.68524169921875,272.19000244140625,273.6300048828125,266.95001220703125,273.6099853515625,51630700,277.14299926757815,269.12519927978514,275.3529234515873,268.42618411883274,37.54674926416629,275.65449013963365,274.4050604452094,1.2494296944242365,2.7548356934918248,-1.5054059990675883,277.14299926757815,286.4401002574392,267.84589827771714,HOLD,11202.5333855097
2025-12-19,273.1625061035156,273.6700134277344,274.6000061035156,269.8999938964844,272.1499938964844,144632000,277.51399993896484,269.5177996826172,275.1926463064584,268.6318244838877,30.32961996307849,275.3491860301107,274.350612517989,0.998573512121652,2.4035832572177904,-1.4050097450961383,277.51399993896484,285.4773737282363,269.5506261496934,HOLD,11263.446249084955
2025-12-22,270.4674987792969,270.9700012207031,273.8800048828125,270.510009765625,272.8599853515625,36571800,277.4880004882813,270.031799621582,274.7904896316245,268.723517689253,17.726949762576822,274.6754652902018,274.1001968663382,0.5752684238636334,2.037920290546959,-1.4626518666833257,277.4880004882813,285.5371192617053,269.43888171485725,HOLD,11152.321752890197
2025-12-23,271.8549194335937,272.3599853515625,272.5,269.5599975585937,270.8399963378906,29642000,277.3099990844727,270.5257992553711,274.5590130335234,268.8661242642455,24.29132878431561,274.31923760733423,273.9712923096881,0.3479452976461061,1.6999252919667889,-1.3519799943206825,277.3099990844727,285.65705974218145,268.9629384267639,HOLD,11209.529378047675
2025-12-24,273.3022155761719,273.8099975585937,275.42999267578125,272.20001220703125,272.3399963378906,17910600,277.1519989013672,271.0465991210938,274.48767822638723,269.0600016483376,33.540379915898086,274.2408929844511,273.9593445503478,0.2815484341032856,1.416249920394088,-1.1347014862908025,277.1519989013672,285.644520486956,268.6594773157783,HOLD,11269.207580821343
2025-12-26,272.8929748535156,273.3999938964844,275.3699951171875,272.8599853515625,274.1600036621094,21521800,276.94449920654296,271.5277990722656,274.384089242587,269.2301974227747,36.14831949411956,274.1115238939947,273.91791116858013,0.193612725414539,1.1717224813981784,-0.9781097559836394,276.94449920654296,285.5973588813292,268.2916395317567,HOLD,11252.333045857666
2025-12-29,273.2523498535156,273.760009765625,274.3599853515625,272.3500061035156,272.69000244140625,23715200,276.68999938964845,272.05399932861326,274.3246531019239,269.4078371224943,39.06832097449063,274.05744479732243,273.9062147683612,0.1512300289612085,0.9676239909107844,-0.8163939619495759,276.68999938964845,285.4060646649861,267.9739341143108,HOLD,11267.150231489712
2025-12-30,272.5735778808594,273.0799865722656,274.0799865722656,272.2799987792969,272.8099975585937,22139600,276.1889984130859,272.469799194336,274.20611343243263,269.55184298326964,39.13046292355905,273.9070666088521,273.8450126797616,0.0620539290905526,0.7865099785467381,-0.7244560494561855,276.1889984130859,284.49600861497987,267.881988211192,HOLD,11239.162493298742
2025-12-31,271.3558349609375,271.8599853515625,273.67999267578125,271.75,273.0599975585937,27293600,275.4724975585938,272.6621990966797,273.982672662826,269.6423583702615,31.277092914764022,273.5921310308076,273.69797361841347,-0.1058425876058777,0.608039465316215,-0.7138820529220927,275.4724975585938,282.5246833469763,268.42031177021124,HOLD,11188.950860679239
2026-01-02,270.5074157714844,271.010009765625,277.8399963378906,269.0,272.260009765625,37838100,274.8154983520508,272.8269995117187,273.6995619107116,269.695991758315,31.10879702249052,273.1948816053949,273.4988651848736,-0.303983579478654,0.4256348563572412,-0.7296184358358953,274.8154983520508,280.8367796692873,268.7942170348142,HOLD,11153.968385963319
2026-01-05,266.7643737792969,267.260009765625,271.510009765625,266.1400146484375,270.6400146484375,45647200,274.1434982299805,273.0031994628906,273.0862712302271,269.6004630527193,25.045368539043068,272.28182439927645,273.03672774641075,-0.7549033471343023,0.1895272156589325,-0.9444305627932348,274.1434982299805,280.39509015389683,267.89190630606413,HOLD,10999.629505700055
2026-01-06,261.8734436035156,262.3599853515625,267.54998779296875,262.1199951171875,267.0,52352100,273.32249755859374,273.05879943847657,272.0647201941638,269.31652275071315,24.24381890185153,270.7553876227051,272.24585793938496,-1.4904703166798754,-0.146472290808829,-1.3439980258710462,273.32249755859374,281.12957402311605,265.5154210940714,HOLD,10797.959030678974
2026-01-07,259.8471984863281,260.3299865722656,263.67999267578125,259.8099975585937,263.20001220703125,48309800,272.4444961547852,273.0089990234375,270.94712651588776,268.9641095672446,20.66564272952374,269.1514797687913,271.3632008010798,-2.2117210322884944,-0.5595220391047622,-1.6521989931837322,272.4444961547852,281.8705519124436,263.0184403971267,HOLD,10714.41030040365
2026-01-08,258.55963134765625,259.0400085449219,259.2900085449219,255.6999969482422,257.0199890136719,50419300,271.53749694824216,272.81359924316405,269.81311528055767,268.57492913499664,22.003583071455708,267.59586881127296,270.4503717450681,-2.8545029337951178,-1.0185182180428334,-1.8359847157522844,271.53749694824216,282.4229523676251,260.65204152885923,HOLD,10661.318629922464
2026-01-09,258.8890075683594,259.3699951171875,260.2099914550781,256.2200012207031,259.0799865722656,39997000,270.5669967651367,272.6209991455078,268.81853240785574,268.2139513303767,21.935218366108828,266.3303497814137,269.6296031059658,-3.299253324552126,-1.474665239344692,-1.8245880852074337,270.5669967651367,282.1709821915935,258.9630113386799,HOLD,10674.899898739899
2026-01-12,259.76739501953125,260.25,261.29998779296875,256.79998779296875,259.1600036621094,45263800,269.67799682617186,272.4319989013672,268.0024817023457,267.9016395134992,19.82913465457109,265.3949113535039,268.9348176907091,-3.5399063372051955,-1.8877134589167928,-1.6521928782884028,269.67799682617186,281.5946978426502,257.76129580969354,HOLD,10711.11829027043
2026-01-13,260.5658874511719,261.04998779296875,261.8099975585937,258.3900146484375,258.7200012207031,45730800,268.81649627685545,272.22499877929687,267.34033942526213,267.63294728916463,25.614515207028816,264.72646157496,268.35075621680244,-3.624294641842425,-2.2350296955019195,-1.3892649463405058,268.81649627685545,280.6053519701533,257.0276405835576,SELL,10744.043415654716
2026-01-14,259.4779052734375,259.9599914550781,261.82000732421875,256.7099914550781,259.489990234375,40019400,268.10899658203124,272.0167987060547,266.6374491423875,267.33204706037696,19.061904667634,263.99315847959355,267.72921808630434,-3.736059606710796,-2.535235677743695,-1.2008239289671012,268.10899658203124,280.2532770019461,255.9647161621164,HOLD,10744.043415654716
2026-01-15,257.73114013671875,258.2099914550781,261.0400085449219,257.04998779296875,260.6499938964844,39388600,267.288996887207,271.79999877929686,265.8348341245485,266.97431938958096,11.651895496030804,263.1034404758219,267.024090187695,-3.920649711873068,-2.8123184845695697,-1.1083312273034984,267.288996887207,279.79437514399075,254.7836186304233,HOLD,10744.043415654716
2026-01-16,255.0561370849609,255.52999877929688,258.8999938964844,254.92999267578125,257.8999938964844,72142800,266.47349700927737,271.5097985839844,264.85342123452455,266.5255225029032,10.482072767126835,261.93829559943345,266.1726760092951,-4.234380409861672,-3.09673086962799,-1.1376495402336817,266.47349700927737,279.82768377537815,253.11931024317656,HOLD,10744.043415654716
2026-01-20,246.2425079345703,246.6999969482422,254.7899932861328,243.4199981689453,252.72999572753903,80267500,265.1989967346192,271.04099822998046,263.12452368345004,265.7480509125244,6.467120666792027,259.59394196078864,264.730255338106,-5.136313377317379,-3.504647371165868,-1.6316660061515105,265.1989967346192,280.9129784149046,249.48501505433364,HOLD,10744.043415654716
2026-01-21,247.1907501220703,247.6499938964844,251.5599975585937,245.17999267578125,248.6999969482422,54641700,263.89799575805665,270.5985983276367,261.6507589418343,265.0383231864052,9.441726898834377,257.7564114893572,263.4650507868748,-5.708639297517607,-3.945445756436216,-1.7631935410813906,263.89799575805665,280.9135991369813,246.882392379132,HOLD,10744.043415654716
2026-01-22,247.8894500732422,248.3500061035156,251.0,248.1499938964844,249.1999969482422,39708300,262.7669960021973,270.19619842529295,260.38402057628014,264.38387937923306,11.871532988331351,256.30927219922773,262.3454178473668,-6.0361456481390405,-4.363585734776781,-1.6725599133622593,262.7669960021973,280.781111019016,244.75288098537857,HOLD,10744.043415654716
2026-01-23,247.5800170898437,248.0399932861328,249.4100036621093,244.67999267578125,247.32000732421875,41689000,261.5509963989258,269.7683984375,259.2083989295994,263.74294266969974,12.08316016694492,255.03707544336697,261.28575676875687,-6.248681325389896,-4.740604852899405,-1.5080764724904911,261.5509963989258,280.11355451366666,242.98843828418487,HOLD,10744.043415654716
2026-01-26,254.9363555908203,255.4100036621093,256.5599975585937,249.8000030517578,251.47999572753903,55969200,260.6309967041016,269.37159851074216,258.84664699936224,263.4161607478335,32.52727097644525,255.0944490154812,260.8505157978941,-5.756066782412916,-4.943697238802107,-0.8123695436108083,260.6309967041016,278.4440692040278,242.8179242041753,HOLD,10744.043415654716
2026-01-27,257.791015625,258.2699890136719,261.95001220703125,258.2099914550781,259.1700134277344,49648300,259.87449645996094,269.0675982666016,258.79172719120123,263.2143500915919,43.583305803325615,255.58299363058745,260.6593656657295,-5.076372035142072,-4.9702321980701,-0.1061398370719715,259.87449645996094,276.65971920337563,243.08927371654624,HOLD,10744.043415654716
2026-01-28,255.96446228027344,256.44000244140625,258.8599853515625,254.509994506836,257.6499938964844,41288000,259.00849609375,268.7373980712891,258.5677534055065,262.94868939942774,43.85855702806329,255.71484113994416,260.3468202417056,-4.631979101761402,-4.902581578808361,0.2706024770469586,259.00849609375,274.5158574954904,243.50113469200969,HOLD,10744.043415654716
2026-01-29,257.801025390625,258.2799987792969,259.6499938964844,254.4100036621093,258.0,67253000,258.26849670410155,268.4547979736328,258.54034820301035,262.765603492756,48.82059209080645,256.10948077676767,260.1937223556012,-4.0842415788335416,-4.738913578813397,0.6546719999798558,258.26849670410155,272.2898608987604,244.2471325094428,HOLD,10744.043415654716
2026-01-30,258.9988098144531,259.4800109863281,261.8999938964844,252.17999267578125,255.1699981689453,92443400,257.64949798583984,268.2951983642578,258.6298398966597,262.636756727798,50.16623735466336,256.6280238859308,260.14085484676616,-3.5128309608353447,-4.493697055217787,0.980866094382442,257.64949798583984,270.1556616945184,245.14333427716136,HOLD,10744.043415654716
2026-02-02,269.5093078613281,270.010009765625,270.489990234375,259.2099914550781,260.0299987792969,73913400,257.59949798583983,268.3465985107422,259.7136655984659,262.925903905752,61.41788955975851,258.6867909443453,260.8719033592742,-2.1851124149288808,-4.031980127160006,1.8468677122311248,257.59949798583983,269.8868350473901,245.3121609242896,HOLD,10744.043415654716
2026-02-03,268.98028564453125,269.4800109863281,271.8800048828125,267.6099853515625,269.20001220703125,64394700,257.710498046875,268.36499877929685,260.64379373064327,263.1829277128335,59.92467971633816,260.3472863354196,261.5095409612782,-1.1622546258586226,-3.4580350268997297,2.295780401041107,257.710498046875,270.3988539052044,245.02214218854564,HOLD,10744.043415654716
2026-02-04,275.97723388671875,276.489990234375,278.95001220703125,272.2900085449219,272.2900085449219,90545700,258.4169982910156,268.5697985839844,262.15295530242724,263.7047733019135,67.07997954142266,262.8307792429512,262.61920387039646,0.211575372554762,-2.724112947008832,2.9356883195635937,258.4169982910156,273.536118434349,243.29787814768216,HOLD,10744.043415654716
2026-02-05,275.3983459472656,275.9100036621094,279.5,273.2300109863281,278.1300048828125,52977400,259.1959991455078,268.65819885253904,263.46315038430174,264.18340978662707,68.7420830037278,264.8429676151294,263.6037075586715,1.2392600564579084,-1.931438346315484,3.170698402773392,259.1959991455078,276.2161165746812,242.1758817163344,HOLD,10744.043415654716
2026-02-06,277.6042175292969,278.1199951171875,280.9100036621094,276.92999267578125,277.1199951171875,50453400,260.1499984741211,268.70219848632814,264.8590403588623,264.72994254468824,74.16043966230241,266.88558723083065,264.6789881185616,2.206599112269089,-1.1038308545985691,3.310429966867658,260.1499984741211,279.156323644428,241.14367330381424,BUY,10744.043415654716
2026-02-09,274.3672180175781,274.6199951171875,278.20001220703125,271.70001220703125,277.9100036621094,44623400,260.9124984741211,268.6551983642578,265.7886550977504,265.1177877436098,83.70354897901974,268.075496136424,265.4153590073487,2.6601371290753377,-0.3510372578637879,3.0111743869391256,260.9124984741211,280.9809925350057,240.84400441323643,HOLD,10608.835042955921
2026-02-10,273.4280700683594,273.67999267578125,275.3699951171875,272.94000244140625,274.8900146484375,34376900,261.58399810791013,268.5777984619141,266.54021105756283,265.45356048604793,81.42962528428313,268.9377263732482,266.02755409389925,2.910172279348956,0.3012046495787608,2.608967629770195,261.58399810791013,282.4423571526597,240.7256390631605,HOLD,10572.521842831513
2026-02-11,275.24639892578125,275.5,280.17999267578125,274.45001220703125,274.70001220703125,51931300,262.3064987182617,268.51079833984375,267.3935242901759,265.8475385062029,81.91866230584769,269.94730693121005,266.72921675361044,3.2180901775996062,0.8845817551829299,2.3335084224166764,262.3064987182617,284.0684535631814,240.54454387334204,HOLD,10642.830479576513
2026-02-12,261.4891052246094,261.7300109863281,275.7200012207031,260.17999267578125,275.5899963378906,81077200,262.3949996948242,268.0833984375,266.8541420707618,265.68606683875686,62.22542532656266,268.68310755507434,266.35890521529325,2.324202339781096,1.172505872102563,1.1516964676785324,262.3949996948242,284.1311559279443,240.6588434617041,HOLD,10110.882534828272
2026-02-13,255.5445556640625,255.77999877929688,262.2300109863281,255.4499969482422,262.010009765625,56290700,262.2735000610352,267.47519836425784,265.7994617572889,265.2975935815232,50.33900997009202,266.6980138972624,265.57528251633056,1.1227313809318389,1.1625509738684183,-0.0398195929365794,262.2735000610352,284.13495865796875,240.4120414641016,HOLD,9881.02782967094
2026-02-17,263.6371154785156,263.8800048828125,266.2900085449219,255.5399932861328,258.04998779296875,58469100,262.6910003662109,267.0697985839844,265.61665634067214,265.2420018678482,54.68986704615091,266.2644740488855,265.4497063953292,0.8147676535563164,1.092994309805998,-0.2782266562496815,262.6910003662109,284.3279859284131,241.0540148040087,HOLD,10193.93887084427
2026-02-18,264.106689453125,264.3500061035156,266.82000732421875,262.45001220703125,263.6000061035156,34203300,263.5735008239746,266.74279846191405,265.49602298475247,265.207021641796,56.766472318276776,265.9699405188286,265.3682471144541,0.6016934043744868,0.9947341287196958,-0.393040724345209,263.5735008239746,283.8620503744962,243.28495127345292,HOLD,10212.095470906474
2026-02-19,260.3401184082031,260.5799865722656,264.4800109863281,260.04998779296875,262.6000061035156,30845300,264.22000045776366,266.37879821777346,265.02782904070614,265.02556928612813,51.90459391104111,265.140716834742,265.0135611483661,0.127155686375886,0.8212184402509339,-0.6940627538750479,264.22000045776366,283.1506980164599,245.28930289906745,HOLD,10066.45598351705
2026-02-20,264.3364562988281,264.5799865722656,264.75,258.1600036621094,258.9700012207031,42070500,265.0314994812012,266.11259765625,264.98517737704515,265.008095454212,54.036068516269765,265.05445064051486,264.9814445130994,0.0730061274154536,0.6715759776838379,-0.5985698502683843,265.0314994812012,282.4269978624516,247.6360010999508,SELL,10220.979838029956
2026-02-23,265.9349670410156,266.17999267578125,269.42999267578125,263.3800048828125,263.489990234375,37308200,265.9384994506836,265.89259765625,265.0989693102581,265.054052207999,46.470030331941246,265.2276109536328,265.07022585848324,0.1573850951495501,0.5687378011769805,-0.4113527060274303,265.9384994506836,281.38634551839453,250.49065338297265,BUY,10220.979838029956
2026-02-24,271.8895263671875,272.1400146484375,274.8900146484375,267.7099914550781,267.8599853515625,47014600,266.775,265.7597979736328,265.7695450567514,265.3319330880162,52.22855448086133,266.29105767591045,265.5939139169984,0.697143758912091,0.5944189927240027,0.1027247661880883,266.775,281.62254565876555,251.9274543412344,HOLD,10449.837250656512
2026-02-25,273.97760009765625,274.2300109863281,274.94000244140625,271.04998779296875,271.7799987792969,33714300,267.5730010986328,265.6837982177734,266.57530371671106,265.6808773193226,47.9364704295697,267.51243510828243,266.2336248110228,1.2788102972596107,0.7312972536311243,0.5475130436284864,267.5730010986328,282.2099515955498,252.93605060171583,HOLD,10530.09050416515
2026-02-26,272.6987609863281,272.95001220703125,276.1099853515625,270.79998779296875,274.95001220703125,32345100,268.39850158691405,265.57719848632814,267.1824188110273,265.96594143256607,47.33142025460639,268.34898543116685,266.73113498850495,1.6178504426619045,0.9086078914372804,0.7092425512246239,268.39850158691405,282.2319552221281,254.56504795170005,HOLD,10480.940146978717
2026-02-27,263.93682861328125,264.17999267578125,272.8099975585937,262.8900146484375,272.8099975585937,72366500,268.6935012817383,265.3785986328125,266.89647346481337,265.89590422641766,38.76170240823826,267.7076019303383,266.5421614838588,1.165440446479522,0.9599744024457288,0.2054660440337933,268.6935012817383,281.85366693007427,255.5333356334024,HOLD,10144.182331686347
2026-03-02,264.476318359375,264.7200012207031,266.5299987792969,260.20001220703125,262.4100036621094,41827900,268.955500793457,265.1807989501953,266.6891903939457,265.8497903830563,41.6187106678565,267.2479710519329,266.40718664955097,0.840784402381928,0.9361364024329686,-0.0953520000510406,268.955500793457,281.5393645956603,256.3716369912537,HOLD,10164.917986513468
2026-03-03,263.5072326660156,263.75,265.5599975585937,260.1300048828125,263.4800109863281,38568900,268.64250030517576,265.0189990234375,266.4092674992842,265.7674456621521,41.59758173472213,266.7098216593278,266.21035800884346,0.4994636504843583,0.8488018520432467,-0.3493382015588883,268.64250030517576,281.4257590704838,255.85924153986767,HOLD,10127.671149063339
2026-03-04,262.2783508300781,262.5199890136719,266.1499938964844,261.4200134277344,264.6499938964844,39803100,268.294499206543,264.82559875488283,266.038860024464,265.64009442103526,38.90599087812759,266.0652320215346,265.9369973425345,0.1282346790001156,0.7046884174346204,-0.5764537384345048,268.294499206543,281.3576431999916,255.2313552130943,HOLD,10080.440260800719
2026-03-05,260.0504150390625,260.2900085449219,261.5599975585937,257.25,260.7900085449219,49658600,267.4845001220703,264.55799865722656,265.4913503597457,265.4302871317759,48.4667803492099,265.1767361020557,265.51870187604464,-0.3419657739889317,0.49535757914991,-0.8373233531388418,267.4845001220703,280.4163136021523,254.55268664198832,HOLD,9994.811791203243
2026-03-06,257.2229919433594,257.4599914550781,258.7699890136719,254.3699951171875,258.6300048828125,41120000,266.56199951171874,264.28779846191406,264.72645903549164,265.11772651700346,51.91604619951104,263.9895446179053,264.92176036338043,-0.932215745475105,0.209842914224907,-1.142058659700012,266.56199951171874,279.5950148031493,253.52898422028812,SELL,9886.142663498345
2026-03-09,259.6407775878906,259.8800048828125,261.1499938964844,253.67999267578125,255.69000244140625,38218500,265.65,264.03819885253904,264.2648919733317,264.91232566860384,44.75892293051191,263.3573077355834,264.54829699444946,-1.1909892588660682,-0.070323520393288,-1.1206657384727805,265.65,277.8004558602273,253.4995441397726,HOLD,9886.142663498345
2026-03-10,260.58990478515625,260.8299865722656,262.4800109863281,256.95001220703125,257.6499938964844,30590800,264.9604995727539,263.7785986328125,263.93775812561114,264.75223393933567,45.44511822379197,262.968489095073,264.2728665928062,-1.304377497733242,-0.3171343158612788,-0.987243181871963,264.9604995727539,276.5183448819759,253.402654263532,HOLD,9886.142663498345
2026-03-11,260.5699157714844,260.8099975585937,262.1300048828125,259.54998779296875,261.0899963378906,26218900,264.3169998168945,263.5267987060547,263.6398761668476,264.59763643420854,50.32962265487708,262.63641347407616,264.01635777545715,-1.3799443013809878,-0.5296963129652206,-0.8502479884157672,264.3169998168945,275.2468070785604,253.38719255522864,HOLD,9886.142663498345
2026-03-12,255.52456665039065,255.759994506836,258.95001220703125,254.17999267578125,258.6600036621094,40794000,263.32999954223635,263.1667984008789,262.88941124684646,264.2510622409783,37.72957674961063,261.5785028637316,263.40477531111486,-1.8262724473833032,-0.7890115398488371,-1.037260907534466,263.32999954223635,273.54987407158296,253.1101250128897,HOLD,9886.142663498345
2026-03-13,249.8897705078125,250.1199951171875,256.3299865722656,249.5200042724609,255.47999572753903,36930000,262.7494987487793,262.70759857177734,261.67327637735514,263.6969027459277,29.91498138261736,259.8156555181094,262.4207175189721,-2.605062000862688,-1.1522216320516074,-1.4528403688110805,262.7494987487793,274.54889523857105,250.9501022589875,HOLD,9886.142663498345
2026-03-16,252.58729553222656,252.82000732421875,253.88999938964844,249.8800048828125,252.1100006103516,32074200,262.6014991760254,262.3267990112305,260.83010789610404,263.2703578274293,23.69282322259363,258.73940194981856,261.70955380084223,-2.9701518510236724,-1.5158076758460206,-1.4543441751776518,262.6014991760254,274.8352328737786,250.36776547827225,HOLD,9886.142663498345
2026-03-17,253.99598693847656,254.22999572753903,255.1300048828125,252.17999267578125,252.9600067138672,32361600,262.1189987182617,261.99119873046874,260.20152578481213,262.915833823512,22.25304932133569,258.04564714639093,261.15551246207906,-3.109865315688125,-1.834619203814441,-1.2752461118736838,262.1189987182617,274.88982484825283,249.34817258827056,HOLD,9886.142663498345
2026-03-18,249.7099456787109,249.94000244140625,254.94000244140625,249.0,252.6300048828125,35757900,261.39849853515625,261.6447985839844,259.2242378473449,262.4069776908804,20.537773397906008,256.7986248840856,260.32473394202924,-3.5261090579436427,-2.172917174640282,-1.353191883303361,261.39849853515625,275.22193131990105,247.57506575041143,HOLD,9886.142663498345
2026-03-19,248.73085021972656,248.9600067138672,251.8300018310547,247.3000030517578,249.3999938964844,34864100,260.8174995422363,261.37679901123045,258.2466920251089,261.8796454957034,25.655808323021645,255.5926836271289,259.4829022954987,-3.890218668369812,-2.516377473386188,-1.373841194983624,260.8174995422363,275.72041036100336,245.9145887234692,HOLD,9886.142663498345
2026-03-20,247.76173400878903,247.9900054931641,249.1999969482422,246.0,247.97999572753903,88331100,259.9880004882813,261.12999938964845,257.26986473635225,261.33495373089795,23.603656525434104,254.42304083728817,258.6315766064369,-4.208535769148739,-2.8548091325386986,-1.3537266366100402,259.9880004882813,275.8265709179247,244.14943005863785,HOLD,9886.142663498345
2026-03-23,251.25851440429688,251.4900054931641,254.6000061035156,250.27999877929688,253.97000122070312,40546100,259.2535011291504,260.97899932861327,256.7194019512867,260.94887732941817,32.08649980090438,253.97180463049983,258.1025713387871,-4.130766708287212,-3.110000647688401,-1.02076606059881,259.2535011291504,275.2447609358525,243.26224132244823,HOLD,9886.142663498345
2026-03-24,251.4083709716797,251.63999938964844,254.8300018310547,249.5500030517578,250.3500061035156,45152300,258.22850036621094,260.8243994140625,256.2356493263688,260.5838232925645,33.584792028587415,253.61306536267656,257.62386230551755,-4.010796942840983,-3.2901599067189182,-0.7206370361220649,258.22850036621094,273.3460224428224,243.11097828959947,HOLD,9886.142663498345
2026-03-25,252.3874664306641,252.6199951171875,255.0,251.6000061035156,254.1000061035156,28476700,257.1479995727539,260.67179931640624,255.8913013064468,260.2715163052948,37.97425957275365,253.46028532490905,257.2532054767524,-3.7929201518433615,-3.3907119557438072,-0.4022081960995542,257.1479995727539,270.4273452284732,243.86865391703464,HOLD,9886.142663498345
2026-03-26,252.6572265625,252.88999938964844,257.0,250.7700042724609,252.1199951171875,41796700,256.14499893188474,260.5085995483398,255.60546302865643,259.98204505370086,42.20934787731981,253.37254902717663,256.9300050258558,-3.55745599867916,-3.424060764330878,-0.1333952343482818,256.14499893188474,267.2514371454721,245.03856071829736,HOLD,9886.142663498345
2026-03-27,248.57098388671875,248.8000030517578,255.4900054931641,248.07000732421875,253.8999938964844,47900000,255.3759994506836,260.28539978027345,254.9573239832376,259.5435336026443,32.12900291541739,252.6690804155737,256.3277826574041,-3.6587022418303534,-3.470989059830773,-0.1877131819995812,255.3759994506836,266.26768862890304,244.4843102724641,HOLD,9886.142663498345
2026-03-30,246.40298461914065,246.6300048828125,250.8699951171875,245.509994506836,250.07000732421875,39446200,254.47149963378905,260.0538000488281,254.16424597367325,259.0371207116705,27.96400589514513,251.739991872072,255.60942874817508,-3.869436876103066,-3.550678623085232,-0.3187582530178341,254.47149963378905,265.0972567809424,243.8457424866357,HOLD,9886.142663498345
2026-03-31,253.556381225586,253.7899932861328,255.47999572753903,247.1000061035156,247.9100036621093,49598100,253.9734992980957,260.01899993896484,254.1286028605741,258.8313510087083,41.08230486975168,252.05537670500445,255.4746557509868,-3.419279045982308,-3.5243987076646475,0.1051196616823402,253.9734992980957,263.66039431073415,244.28660428545723,HOLD,9886.142663498345
2026-04-01,255.3946990966797,255.6300048828125,256.17999267578125,253.3300018310547,254.0800018310547,40059400,253.6290000915528,260.1976000976563,254.2715935293588,258.70580802337906,49.82020788265702,252.6053195015903,255.48616309408496,-2.8808435924946707,-3.3956876846306523,0.5148440921359816,253.6290000915528,262.4910851665165,244.766915016589,HOLD,9886.142663498345
2026-04-02,255.68443298339844,255.9199981689453,256.1300048828125,250.6499938964844,254.1999969482422,31289400,253.4104995727539,260.36300018310544,254.4285844474146,258.5965605781072,59.41559776607169,253.1152700657988,255.51829902555608,-2.403028959757336,-3.197155939655989,0.7941269798986537,253.4104995727539,261.7830538638944,245.0379452816134,HOLD,9886.142663498345
2026-04-06,258.6217041015625,258.8599853515625,262.1600036621094,256.4599914550781,256.510009765625,29329900,253.48049926757807,260.5731997680664,254.850622628762,258.6068909613799,59.7293625020524,253.9990724174547,255.765831346001,-1.7667589285462952,-2.9110765374340506,1.1443176088877554,253.48049926757807,262.0174027127621,244.9435958223941,HOLD,9886.142663498345
2026-04-07,253.26666259765625,253.5,256.20001220703125,245.6999969482422,256.1600036621094,62148000,253.1614990234375,260.6823999023438,254.72199190221323,258.40662072760034,48.95684926220001,253.9222920455386,255.597991987038,-1.675699941499346,-2.66400121824711,0.988301276747764,253.1614990234375,261.1507735059814,245.17222454089355,HOLD,9886.142663498345
2026-04-08,258.66168212890625,258.8999938964844,259.75,256.5299987792969,258.45001220703125,41032800,253.06499938964845,260.75219970703125,255.11989685404856,258.42596869500755,62.40997934776821,254.68809233029947,255.84258472107103,-1.1544923907715656,-2.3620994527520014,1.2076070619804358,253.06499938964845,260.70318304853663,245.42681573076027,HOLD,9886.142663498345
2026-04-09,260.2502136230469,260.489990234375,261.1199951171875,256.07000732421875,259.0,28121600,253.0489990234375,260.7965997314453,255.6313343188416,258.5069107161592,65.70416859428148,255.5806920078496,256.18683698131576,-0.6061449734662006,-2.010908556894841,1.4047635834286405,253.0489990234375,260.6199150885095,245.4780829583655,HOLD,9886.142663498345
2026-04-10,260.240234375,260.4800109863281,262.19000244140625,259.0199890136719,259.9800109863281,31291500,253.2849998474121,260.87739990234377,256.0931130490784,258.5842871973423,67.46857643090397,256.334433389154,256.5048498705759,-0.1704164814219666,-1.6428101418002663,1.4723936603782997,253.2849998474121,261.4802574273726,245.08974226745167,HOLD,9886.142663498345
2026-04-13,258.96142578125,259.20001220703125,260.17999267578125,256.6600036621094,259.7300109863281,36234700,253.7390007019043,260.89580017089844,256.38900820697864,258.6084332761536,61.49720330733763,256.7752916688274,256.70449152512816,0.0708001436992162,-1.3000880847003695,1.370888228399586,253.7390007019043,262.19779809139965,245.28020331240893,HOLD,9886.142663498345
2026-04-14,258.5917358398437,258.8299865722656,261.92999267578125,257.19000244140625,259.25,48370700,254.03949966430665,260.8827996826172,256.62148233700594,258.617121640707,60.65184731062913,257.09139857704866,256.8619356026939,0.2294629743547602,-0.9941778728893438,1.223640847244104,254.03949966430665,262.7830512591971,245.2959480694162,HOLD,9886.142663498345
2026-04-15,266.18475341796875,266.42999267578125,266.5599975585937,257.8099975585937,258.1600036621094,49913500,254.6494995117188,260.81119934082034,257.55562617879406,258.9235087401217,67.10429733536029,258.5281053614691,257.57068057107074,0.9574247903983631,-0.6038573402318024,1.5612821306301656,254.6494995117188,265.00306061665543,244.29593840678208,HOLD,9886.142663498345
2026-04-16,263.15753173828125,263.3999938964844,267.1600036621094,261.2699890136719,266.79998779296875,43323100,255.32249908447267,260.6895989990234,258.1122326280979,259.0990571776261,62.18409978189074,259.2776266745484,258.0024815581384,1.2751451164099876,-0.2280568489034443,1.503201965313432,255.32249908447267,266.12713066156056,244.5178675073848,HOLD,9886.142663498345
2026-04-17,269.98126220703125,270.2300109863281,272.29998779296875,266.7200012207031,266.9599914550781,61436200,256.3859992980957,260.5643994140625,259.26630675745315,259.5355651701243,73.35951312898456,260.96260887636066,258.90822447874507,2.0543843976155927,0.228431400400363,1.8259529972152293,256.3859992980957,268.64330431273737,244.1286942834541,HOLD,9886.142663498345
2026-04-20,272.79864501953125,273.04998779296875,274.2799987792969,270.2900085449219,270.3299865722656,36590200,257.6389984130859,260.5071990966797,260.5790382846451,260.0655425278829,78.39639561627588,262.8222056327619,259.9557625020209,2.866443130741004,0.7560337464684913,2.1104093842725127,257.6389984130859,271.3229722472414,243.9550245789304,BUY,9886.142663498345
2026-04-21,265.9250183105469,266.1700134277344,272.79998779296875,265.3999938964844,271.5,50209800,258.3729988098145,260.2681994628906,261.11151210779644,260.3049335435633,63.38671605979578,263.3372529858346,260.41607738540705,2.9211756004275458,1.1890621172603022,1.7321134831672436,258.3729988098145,272.24182706145217,244.5041705581768,HOLD,9637.043922840317
2026-04-22,272.9185791015625,273.1700134277344,273.739990234375,266.8699951171875,267.82000732421875,43249200,259.4494995117187,260.23919982910155,262.25994080493336,260.8094464801975,67.06228740827645,264.8499853615115,261.3608133885424,3.489171972969075,1.6490840884020568,1.840087884567018,259.4494995117187,274.416671809333,244.4823272141045,HOLD,9890.488353304674
2026-04-23,273.1783142089844,273.42999267578125,275.7699890136719,271.6499938964844,275.04998779296875,33399600,260.48999938964846,260.2341998291016,263.3237552688236,261.30436986041644,67.04304280398588,266.1699864867837,262.2548266690786,3.915159817705103,2.102299234262666,1.8128605834424367,260.48999938964846,276.3262431641231,244.6537556151738,HOLD,9899.901252226644
2026-04-24,270.8104858398437,271.0599975585937,273.0599975585937,269.6499938964844,272.760009765625,38157100,261.3984992980957,260.14539978027346,264.0605402488017,261.68694349563907,62.00790334324148,266.9222958824468,262.90706154978346,4.01523433266334,2.484886253942801,1.530348078720539,261.3984992980957,277.48179465184273,245.31520394434872,HOLD,9814.092386129658
2026-04-27,267.3636474609375,267.6099853515625,268.3599853515625,265.07000732421875,266.0899963378906,41466800,262.338998413086,260.2629992675781,264.39858263954085,261.91921964685173,64.43035256606322,267.0280942623108,263.2554262758412,3.772667986469628,2.7424426004481663,1.0302253860214616,262.338998413086,277.4933865525539,247.1846102736181,HOLD,9689.18004628593
2026-04-28,270.4608154296875,270.7099914550781,273.2300109863281,268.6600036621094,272.3399963378906,40018900,263.5429977416992,260.56159912109376,264.9996691934016,262.26395579619395,62.67440032489225,267.594539984275,263.807616289118,3.786923695157043,2.951338819389942,0.8355848757671009,263.5429977416992,277.19408050998817,249.89191497341025,HOLD,9801.419943620436
2026-04-29,269.9213256835937,270.1700134277344,271.0400085449219,267.0400085449219,267.54998779296875,30047900,264.3619987487793,260.68739929199216,265.49208293000464,262.57399727194064,60.62805703858528,267.99076666788415,264.2789049660525,3.7118617018316513,3.103443395878284,0.6084183059533674,264.3619987487793,277.5053643078934,251.2186331896652,HOLD,9781.869311677092
2026-04-30,271.1002502441406,271.3500061035156,276.0,268.1400146484375,270.5,91848200,265.14799880981445,260.8273992919922,266.0499803751009,262.91815448102204,61.63562856724718,268.5075727349044,264.8026902354942,3.704882499410133,3.223731216584654,0.4811512828254782,265.14799880981445,277.968885424554,252.3271121950749,HOLD,9824.592536200735
2026-05-01,279.88214111328125,280.1400146484375,287.2200012207031,278.3699951171875,278.8599853515625,79915400,266.35899963378904,261.2185998535156,267.391888401133,263.5935215464109,69.31023031722088,270.2971791831402,265.9387883401567,4.358390842983511,3.4506631418644256,0.907727701119085,266.35899963378904,280.05537616350125,252.66262310407683,HOLD,10142.846637549956
2026-05-04,276.5751647949219,276.8299865722656,280.6300048828125,274.8599853515625,279.6600036621094,46668400,267.2574996948242,261.46359985351563,268.2907548936218,264.11259860624835,65.7452838146777,271.3022264737749,266.7455437647574,4.556682709017537,3.671867055295048,0.8848156537224887,267.2574996948242,281.2373067319268,253.27769265772167,HOLD,10023.002611751897
2026-05-05,283.9184265136719,284.17999267578125,284.57000732421875,276.5,276.92999267578125,49311700,268.79149932861327,261.82359985351565,269.80401563477983,264.8995552364261,65.59480616422121,273.2834212740836,268.0369844248332,5.246436849250415,3.9867810140861217,1.2596558351642932,268.79149932861327,283.1431370204743,254.43986163675228,HOLD,10289.119484725477
2026-05-06,287.245361328125,287.510009765625,288.0299987792969,281.07000732421875,281.9200134277344,58336100,270.2220001220703,262.13099975585936,271.49030079009844,265.7862397277672,71.07150801453278,275.4721271958592,269.47943074637334,5.992696449485834,4.387964101166064,1.6047323483197695,270.2220001220703,286.049818729943,254.3941815141976,HOLD,10409.687239692908
2026-05-07,287.1754150390625,287.44000244140625,292.1300048828125,285.7799987792969,289.2699890136719,45224300,271.5695007324219,262.3951995849609,273.0093199949849,266.635406893008,67.05648929767202,277.31333877209715,270.8098434645239,6.503495307573246,4.8110703424475005,1.6924249651257457,271.5695007324219,288.4617392395569,254.67726222528688,HOLD,10407.152530205058
2026-05-08,293.0500183105469,293.32000732421875,294.760009765625,290.0,290.010009765625,52692800,273.2115005493164,262.8025994873047,274.9436711691976,267.681861811879,68.94039976822386,279.77590316473123,272.4772630096865,7.298640155044723,5.308584304966946,1.990055850077777,273.2115005493164,291.8582791036696,254.56472199496324,HOLD,10620.046028583922
2026-05-11,292.67999267578125,292.67999267578125,293.8800048828125,290.2300109863281,291.9800109863281,42247300,274.885499572754,263.3725994873047,276.6328446460151,268.6621806692869,78.04098918941602,281.7611477048928,273.97376150347134,7.787386201421441,5.8043446842578446,1.9830415171635964,274.885499572754,294.2340536607934,255.53694548471444,HOLD,10596.873436003623
2026-05-12,294.79998779296875,294.79998779296875,295.2699890136719,292.5599975585937,292.5599975585937,45748100,276.6839996337891,263.97419921875,278.3630487552488,269.6871927133529,75.51303528991669,283.76712310305834,275.516444932323,8.250678170735341,6.293611381553344,1.9570667891819973,276.6839996337891,296.43165177478187,256.9363474927963,HOLD,10673.63071529831
2026-05-13,298.8699951171875,298.8699951171875,300.9200134277344,293.5,293.5,52684300,278.3059997558594,264.6765991210938,280.3160912659096,270.8316163370327,77.53242652673521,286.09064187446285,277.2463375386093,8.844304335853565,6.803749972413389,2.040554363440176,278.3059997558594,299.762503778318,256.8494957334008,HOLD,10820.990813622935
2026-05-14,298.2099914550781,298.2099914550781,300.45001220703125,295.3800048828125,299.82000732421875,35324900,280.04649963378904,265.39039916992186,282.0202722363066,271.9052781063678,80.51241176224467,287.9551571945575,278.799200791681,9.155956402876484,7.274191258506008,1.881765144370476,280.04649963378904,302.0522668754338,258.04073239214426,HOLD,10797.094491873264
2026-05-15,300.2300109863281,300.2300109863281,303.20001220703125,296.5199890136719,297.8999938964844,54862800,281.54649963378904,266.18919921875,283.754533069642,273.0160519447976,87.87733177981747,289.8435962394453,280.3866682135068,9.45692802593851,7.710738611992509,1.7461894139460004,281.54649963378904,304.7899081737838,258.3030910937943,HOLD,10870.232020391055
2026-05-18,297.8399963378906,297.8399963378906,300.6600036621094,294.9100036621094,300.239990234375,34483000,282.7860000610352,266.9967993164062,285.09600576185613,273.98953996021305,82.03062848050915,291.0738116392061,281.67950733383145,9.394304305374646,8.047451750668937,1.346852554705709,282.7860000610352,306.7542961726588,258.8177039494116,HOLD,10783.698320194668
2026-05-19,298.9700012207031,298.9700012207031,300.510009765625,296.3500061035156,296.9700012207031,42243600,284.4259994506836,267.7785992431641,286.4173386626987,274.96916589199697,83.53505389243686,292.2886100363595,282.96028465878493,9.328325377574572,8.303626476050065,1.0246989015245074,284.4259994506836,308.0939445046831,260.7580543966841,HOLD,10824.61166932986
2026-05-20,302.25,302.25,302.79998779296875,298.0799865722656,298.17999267578125,38229800,285.8799987792969,268.60699951171875,287.9252111710131,276.0390025236834,84.30273566528331,293.8211315692273,284.3891524618379,9.431979107389395,8.529297002317932,0.9026821050714632,285.8799987792969,310.2003636610255,261.5596338975683,HOLD,10943.368443978816
2026-05-21,304.989990234375,304.989990234375,305.5400085449219,300.3999938964844,301.0599975585937,42965100,287.45799865722654,269.4905993652344,289.55042822466663,277.1743353750831,81.8670223257474,295.5394175177116,285.9151404449888,9.624277072722748,8.748293016398897,0.8759840563238512,287.45799865722654,312.46291670841947,262.4530806060336,HOLD,11042.573481754396
2026-05-22,308.82000732421875,308.82000732421875,311.3999938964844,305.8399963378906,306.1199951171875,43670200,289.3459991455078,270.551799621582,291.3856262341478,278.41534211818646,90.48334436577127,297.5825851802512,287.6117972508577,9.970787929393452,8.992791998997808,0.9779959303956448,289.3459991455078,314.83518450727314,263.85681378374244,HOLD,11181.244410326426
2026-05-26,308.3299865722656,308.3299865722656,311.82000732421875,307.6700134277344,309.5599975585937,48000500,291.38199920654296,271.7159994506836,292.9993748377781,279.5884654301111,86.983013967,299.2360315482534,289.1464779413324,10.089553606921015,9.21214432058245,0.8774092863385654,291.38199920654296,316.05288452946047,266.71111388362544,HOLD,11163.502548841501
2026-05-27,310.8500061035156,310.8500061035156,313.260009765625,308.29998779296875,308.3299865722656,50430900,293.38899993896484,272.87659942626954,294.6994349583245,280.81440820161714,86.65186799663005,301.0227968644476,290.75414669408667,10.2686501703609,9.42344549053814,0.8452046798227588,293.38899993896484,317.50368258883486,269.2743172890948,HOLD,11254.743250963887
2026-05-28,312.510009765625,312.510009765625,312.79998779296875,309.57000732421875,310.67999267578125,48220400,295.50599975585936,274.0421997070313,296.39568017806744,282.05737296883314,87.49614309527331,302.79006038770564,292.36569210679323,10.424368280912404,9.623630048612997,0.800738232299409,295.50599975585936,318.4432965927931,272.5687029189256,HOLD,11314.845919922753
2026-05-29,312.0599975585937,312.0599975585937,315.0,309.5299987792969,311.7799987792969,70026800,297.54149932861327,275.284599609375,297.88751992859375,283.2339464821571,83.46412238367387,304.2162045678423,293.82452954766734,10.391675020174944,9.777239042925386,0.614435977249558,297.54149932861327,318.60144223896174,276.4815564182648,HOLD,11298.552621706602
2026-06-01,306.3099975585937,306.3099975585937,310.94000244140625,305.0199890136719,309.6300048828125,48849900,298.8499984741211,276.43159942626954,298.6896606552604,284.1388896616252,70.58284606139246,304.5383265664194,294.7493790299582,9.788947536461194,9.779580741632548,0.0093667948286455,298.8499984741211,318.5667141713093,279.1332827769329,HOLD,11090.366125253739
2026-06-02,315.20001220703125,315.20001220703125,315.45001220703125,306.69000244140625,307.4599914550781,44534700,300.7684997558593,277.7757995605469,300.2620750887624,285.3569728986999,75.5766793797329,306.17858589574433,296.2642407467784,9.914345148965936,9.806533623099224,0.10781152586671,300.7684997558593,318.8640720639403,282.6729274477784,HOLD,11412.241082309887
2026-06-03,310.260009765625,310.260009765625,316.94000244140625,308.8500061035156,314.17999267578125,50836700,302.07250061035154,278.9511996459961,301.2142593437017,286.3335625797558,63.97543623155841,306.80649726034136,297.30096437780406,9.505532882537295,9.74633347498684,-0.2408005924495455,302.07250061035154,318.84521078927986,285.2997904314232,HOLD,11233.381638702067
2026-06-04,311.2300109863281,311.2300109863281,313.5400085449219,309.6499938964844,313.2300109863281,44869100,303.25850067138674,280.1429998779297,302.16814045252323,287.30989388981743,65.85482415653253,307.48703783357007,298.33274560806507,9.154292225505005,9.627925225090474,-0.4736329995854706,303.25850067138674,319.0195453591299,287.4974559836436,HOLD,11268.501839692186
2026-06-05,307.3399963378906,307.3399963378906,315.1700134277344,307.1499938964844,312.8599853515625,65310500,304.2535003662109,281.2373999023437,302.6606981558915,288.09538810346737,58.28088323734265,307.464416065004,298.99994936582993,8.464466699174068,9.395233519907194,-0.930766820733126,304.2535003662109,318.2202522291378,290.286748503284,HOLD,11127.658618682008
2026-06-08,301.5400085449219,301.5400085449219,317.3999938964844,301.1700134277344,308.739990234375,77949100,304.6645004272461,282.21040008544924,302.5539658119896,288.6226281207793,53.99223693291677,306.5529687542221,299.18810189761456,7.364866856607591,8.989160187247274,-1.6242933306396825,304.6645004272461,317.7313455372682,291.59765531722394,HOLD,10917.662246840697
2026-06-09,290.54998779296875,290.54998779296875,300.75,287.7799987792969,300.2799987792969,70108800,304.5580001831055,283.04539978027344,301.4107298101781,288.6982108530221,42.50889868128469,304.0909716832601,298.5482415935667,5.542730089693407,8.299874167736501,-2.757144078043094,304.5580001831055,318.0634828139128,291.0525175522982,HOLD,10519.753739659236
2026-06-10,291.5799865722656,291.5799865722656,294.75,287.3800048828125,290.739990234375,52793300,304.3970001220703,283.9443994140625,300.47446854942456,288.81122166554144,40.11122066118089,302.1662047431071,298.03207455495175,4.134130188155325,7.466725371820266,-3.332595183664941,304.3970001220703,318.4576387335046,290.33636151063604,HOLD,10557.046233087505
2026-06-11,295.6300048828125,295.6300048828125,297.0,289.5899963378906,293.7200012207031,42572500,304.2350006103516,284.7811996459961,300.01309105736624,289.07862492896385,41.53097808438871,301.160635533831,297.8541434681266,3.30649206570439,6.634678710597092,-3.3281866448927016,304.2350006103516,318.6343423031379,289.83565891756524,HOLD,10703.682602242758
2026-06-12,291.1300048828125,291.1300048828125,297.1400146484375,289.6199951171875,296.0299987792969,38742100,303.8810012817383,285.4911996459961,299.1670828502659,289.1590712016638,34.185619391526714,299.61746158752044,297.3560591284737,2.261402459046735,5.76002346028702,-3.498621001240285,303.8810012817383,319.22137671690376,288.5406258465728,HOLD,10540.754039801386
2026-06-15,296.4200134277344,296.4200134277344,297.7799987792969,291.70001220703125,294.1199951171875,45732600,303.6905014038086,286.3011999511719,298.9054571909772,289.44381403405873,40.19434131790692,299.1255464860149,297.2867224099004,1.83882407611452,4.97578358345252,-3.136959507338,303.6905014038086,319.31379452918475,288.0672082784324,HOLD,10732.28592591843
2026-06-16,299.239990234375,299.239990234375,300.4800109863281,293.9700012207031,295.25,39874400,303.7605010986328,287.10880004882813,298.93731748082456,289.82797780662014,40.48828077144443,299.14315321653186,297.431408915417,1.711744301114834,4.322975726984983,-2.611231425870149,303.7605010986328,319.2856607088586,288.235341488407,HOLD,10834.386985301533
2026-06-17,295.95001220703125,295.95001220703125,302.07000732421875,294.3599853515625,300.8500061035156,42745100,303.60950164794923,287.9578002929687,298.6528122166538,290.0680575870284,36.78583743578457,298.6519007535318,297.32167582590694,1.3302249276248403,3.724425567112955,-2.3942006394881146,303.60950164794923,319.3875282762596,287.8314750196389,HOLD,10715.268898532906
2026-06-18,298.010009765625,298.010009765625,300.57000732421875,295.6199951171875,298.1099853515625,85962200,303.39750213623046,288.7400006103516,298.59159293560344,290.37950669207146,39.06956315289654,298.5531482938538,297.3726635251453,1.1804847687084816,3.21563740743206,-2.0351526387235785,303.39750213623046,319.36524118521027,287.42976308725065,HOLD,10789.853885389444
2026-06-22,297.010009765625,297.010009765625,302.4200134277344,296.760009765625,297.3099975585937,44879900,302.99850311279295,289.4704010009765,298.44096596703406,290.63952642044615,42.18751281819903,298.31574236643394,297.34580028369936,0.9699420827345762,2.7664983424925635,-1.7965562597579874,302.99850311279295,319.1958473728559,286.80115885273,HOLD,10753.64753818025
2026-06-23,294.29998779296875,294.29998779296875,301.6400146484375,294.17999267578125,297.5400085449219,52010900,302.27250213623046,290.14680053710936,298.0465870933136,290.78307392525096,30.408685891091096,297.69793397051626,297.1201845436452,0.577749426871037,2.3287485593682584,-1.7509991324972214,302.27250213623046,318.67156516627733,285.8734391061836,HOLD,10655.527541693713
2026-06-24,293.0799865722656,293.0799865722656,299.70001220703125,292.94000244140625,295.3599853515625,53081900,301.51000213623047,290.82440002441405,297.5735775198804,290.87314893101626,32.68841765639637,296.9874805246316,296.82091061983937,0.1665699047921975,1.8963128284530464,-1.7297429236608488,301.51000213623047,318.13968469136955,284.8803195810914,HOLD,10611.355753901296
2026-06-25,275.1499938964844,275.1499938964844,288.79998779296875,273.75,287.3999938964844,107013700,299.7250015258789,291.15080017089844,295.43799812717606,290.2565546159366,22.904770329844595,293.6278671972243,295.2156575292205,-1.5877903319961888,1.1994921963631993,-2.787282528359388,299.7250015258789,319.4999720996211,279.9500309521367,HOLD,9962.17621362366
2026-06-26,283.7799987792969,283.7799987792969,285.95001220703125,274.2099914550781,275.0,261775500,298.2885009765625,291.49780029296875,294.3277124749971,290.00257203410763,33.48289740669075,292.11281051754315,294.3685716958928,-2.255761178349644,0.5084415214206306,-2.7642026997702747,298.2885009765625,318.32531415419635,278.25168779892863,HOLD,10274.637166827806
2026-06-29,281.739990234375,281.739990234375,288.3699951171875,279.8500061035156,286.7300109863281,66427000,296.7725006103516,291.8646002197266,293.1288817854141,289.67854921843184,35.34635133053604,290.5169920124404,293.4331212172618,-2.916129204821459,-0.1764726238277874,-2.739656580993672,296.7725006103516,317.0091785594123,276.53582266129087,HOLD,10200.775909140642
2026-06-30,289.3599853515625,289.3599853515625,289.94000244140625,280.70001220703125,281.1700134277344,65100200,295.925,292.24719970703126,292.7699392679044,289.6660565177703,49.07306247379216,290.3389909876899,293.13140744943223,-2.7924164617423344,-0.6996613914106968,-2.0927550703316378,295.925,315.8978830757559,275.95211692424414,HOLD,10476.668098085895
2026-07-01,294.3800048828125,294.3800048828125,296.5899963378906,289.20001220703125,293.44000244140625,50164200,294.8839996337891,292.6738000488281,292.92327885027663,289.850917237968,52.05340081991905,290.9606854330934,293.2238961482012,-2.263210715107789,-1.0123712561501153,-1.2508394589576737,294.8839996337891,312.67837222905825,277.0896270385199,HOLD,10658.424668231266
2026-07-02,308.6300048828125,308.6300048828125,309.4200134277344,293.67999267578125,294.1199951171875,75352800,294.80249938964846,293.5229998779297,294.41915752004195,290.58735204756977,58.29293135375314,293.67904227151166,294.365089387802,-0.6860471162903536,-0.9471064281781628,0.2610593118878093,294.80249938964846,312.3130176315057,277.2919811477912,HOLD,11174.365115962277
2026-07-06,312.6600036621094,312.6600036621094,314.20001220703125,307.0,307.3599853515625,53590000,294.8739990234375,294.3127996826172,296.1563809621436,291.45294622853214,63.817223570333205,296.59919017775746,295.7202682229359,0.8789219548215783,-0.5819007515782147,1.4608227063997932,294.8739990234375,312.6761973551442,277.07180069173074,HOLD,11320.276651018126
2026-07-07,310.6600036621094,310.6600036621094,315.4800109863281,310.1499938964844,315.2900085449219,42490000,295.0399993896484,295.0573999023438,297.53767836214035,292.2061641671038,59.54167191515606,298.7623922522732,296.8269152925043,1.935476959768892,-0.0784252093087935,2.013902169077685,295.0399993896484,313.3852697786892,276.69472900060765,HOLD,11247.863956599738
2026-07-08,313.3900146484375,313.3900146484375,314.82000732421875,307.04998779296875,311.9100036621094,41323500,295.6324996948242,295.9040002441406,299.047424675121,293.0369034016659,59.49283432970273,301.0127956978369,298.05381154109193,2.958984156744976,0.5290566639019603,2.429927492843015,295.6324996948242,315.5589925099042,275.7060068797442,HOLD,11346.707682255648
2026-07-09,316.2200012207031,316.2200012207031,316.5299987792969,308.1600036621094,310.510009765625,48124500,296.91600036621094,296.87620056152343,300.6829081556527,293.9460444926085,63.682988158427634,303.3523657782779,299.39945522106314,3.95291055721475,1.2138274425645184,2.7390831146502315,296.91600036621094,318.6857288075527,275.14627192486915,HOLD,11449.171158688454
2026-07-10,315.32000732421875,315.32000732421875,316.9100036621094,312.1700134277344,314.7200012207031,34109200,298.1030014038086,297.7684008789063,302.076917600278,294.784239113456,61.87079237676195,305.19354140073034,300.5787553768524,4.614786023877912,1.8940191588271973,2.7207668650507144,298.1030014038086,321.1963137762932,275.009689031324,HOLD,11416.585667186186
